id,title,status,Fecha de apertura,creatorId,categoryId,description,assignedTechId,priority,source
510,Fallo al imprimir,Cerrado,2026-07-15 09:28,4eec1439-2637-4288-a3d9-83482bb76d59,95717a85-3c2a-409f-9f9e-237db83aed01,todos los asesores de ventas no pueden imprimir sus documentos a la impresora de ventas.,06d62384-793f-4823-ae2e-f933e24fe906,MEDIA,WHATSAPP
417,Fallo al imprimir documentos,Cerrado,2026-06-22 18:23,4eec1439-2637-4288-a3d9-83482bb76d59,95717a85-3c2a-409f-9f9e-237db83aed01,La laptop no detecta la impresora de ventas.,06d62384-793f-4823-ae2e-f933e24fe906,MEDIA,WHATSAPP
573,Corrección de documento para subir en Bóveda,Cerrado,2026-07-30 13:06,4eec1439-2637-4288-a3d9-83482bb76d59,64bf87a9-74df-414c-997e-501faff5b8f9,La orden de pago se subió dos veces y ocupó el espacio de la Lista Negra.,06d62384-793f-4823-ae2e-f933e24fe906,MEDIA,WHATSAPP
554,Actualización de contraseña Dealer Daily,Cerrado,2026-07-27 12:41,4eec1439-2637-4288-a3d9-83482bb76d59,1d314185-1a17-41c7-959b-bcb188a5dba7,Actualizar contraseña Dealer a Vendedor.,06d62384-793f-4823-ae2e-f933e24fe906,MEDIA,WHATSAPP
636,Agregar colonia en Quiter,Cerrado,2026-08-14 14:04,4eec1439-2637-4288-a3d9-83482bb76d59,a494c538-2006-42c8-abb7-99e6892d3042,Agregar colonia solicitada.,06d62384-793f-4823-ae2e-f933e24fe906,MEDIA,WHATSAPP
594,Corrección de datos de cliente en Quiter,Cerrado,2026-08-05 17:26,4eec1439-2637-4288-a3d9-83482bb76d59,a494c538-2006-42c8-abb7-99e6892d3042,Editar información errónea en Quiter.,06d62384-793f-4823-ae2e-f933e24fe906,MEDIA,WHATSAPP
598,Audífonos no se escuchan,Cerrado,2026-08-07 10:16,6dd682e7-079c-4f0e-ae52-b4e347b2c2b6,e8a85678-13b0-4977-b0cb-5255f43ab9c7,"Al realizar llamadas de los clientes los audífonos no se escuchan, pero los clientes si escuchan.",06d62384-793f-4823-ae2e-f933e24fe906,MEDIA,WHATSAPP
464,Agregar correo en impresora,Cerrado,2026-07-01 13:47,8bf235cb-23b0-462a-b3eb-ee4c5eaa15c8,95717a85-3c2a-409f-9f9e-237db83aed01,"Se solicita agregar el correo ""varrieta@toyotaguerrero.com.mx"" en la impresora de ventas en Chilpancingo.",06d62384-793f-4823-ae2e-f933e24fe906,MEDIA,WHATSAPP
557,Problemas con Cotizador,Cerrado,2026-07-27 17:21,8bf235cb-23b0-462a-b3eb-ee4c5eaa15c8,b81e6e79-52ad-4d29-9ff8-ca739cbe2e1c,Al momento de cotizar un auto la pagina tarda o no genera los precios de la unidad seleccionada.,06d62384-793f-4823-ae2e-f933e24fe906,MEDIA,WHATSAPP
643,Actualizar documentos en pedido,Cerrado,2026-08-18 09:48,8bf235cb-23b0-462a-b3eb-ee4c5eaa15c8,64bf87a9-74df-414c-997e-501faff5b8f9,"Los datos del cliente en Bóveda no pueden visualizarse, ya que se realizó el cambio de Control Guerrero a Control Chilpancingo, lo que ocasiona que los archivos no se hayan cargado correctamente.",06d62384-793f-4823-ae2e-f933e24fe906,MEDIA,WHATSAPP
586,Actualización de contraseña Dealer Daily,Cerrado,2026-08-04 12:00,8bf235cb-23b0-462a-b3eb-ee4c5eaa15c8,1d314185-1a17-41c7-959b-bcb188a5dba7,Requiere actualizar la contraseña de Dealer Daily para acceder a su perfil.,06d62384-793f-4823-ae2e-f933e24fe906,MEDIA,WHATSAPP
664,No se puede poner la agencia 4 al abrir una oferta,Cerrado,2026-08-21 12:00,8bf235cb-23b0-462a-b3eb-ee4c5eaa15c8,a494c538-2006-42c8-abb7-99e6892d3042,agregar permisos para la agencia 4,06d62384-793f-4823-ae2e-f933e24fe906,MEDIA,WHATSAPP
644,Photoshop no abre,Cerrado,2026-08-18 17:46,3fc80a34-033a-457b-b42b-99cee4074832,b81e6e79-52ad-4d29-9ff8-ca739cbe2e1c,Al querer abrir Photoshop o otros programas de Adobe no deja por algún fallo en la conexión o con el Firewall.,06d62384-793f-4823-ae2e-f933e24fe906,MEDIA,WHATSAPP
564,Creative Cloud no permite abrir Photosho ni Ilustrator,Cerrado,2026-07-28 12:00,3fc80a34-033a-457b-b42b-99cee4074832,b81e6e79-52ad-4d29-9ff8-ca739cbe2e1c,Al querer ingresar al aplicativo de Photoshop nos aparece un mensaje de error con un código (12084) da a entender que es por problemas de red.,06d62384-793f-4823-ae2e-f933e24fe906,MEDIA,WHATSAPP
15,Cambio de contraseña,Cerrado,2026-03-03 12:35,3fc80a34-033a-457b-b42b-99cee4074832,1d314185-1a17-41c7-959b-bcb188a5dba7,Solicitud de cambio de contraseña en Dealer,06d62384-793f-4823-ae2e-f933e24fe906,MEDIA,WHATSAPP
28,Pagina REPUVE,Cerrado,2026-03-04 12:00,df874b65-77b4-4703-a94a-e69d1cf975be,64bf87a9-74df-414c-997e-501faff5b8f9,Tengo dificultades por descargar un PDF directo de la pagina de REPUVE,06d62384-793f-4823-ae2e-f933e24fe906,MEDIA,WHATSAPP
264,Fallo en toma de asistencia,Cerrado,2026-05-18 19:00,df874b65-77b4-4703-a94a-e69d1cf975be,e8a85678-13b0-4977-b0cb-5255f43ab9c7,"Me podrían apoyar con el registro de asistencia que se ubica en el área de seguridad, intento registrarme pero no me detecta.",06d62384-793f-4823-ae2e-f933e24fe906,MEDIA,WHATSAPP
255,Panel de reconocimiento facial,Cerrado,2026-05-14 08:30,df874b65-77b4-4703-a94a-e69d1cf975be,e8a85678-13b0-4977-b0cb-5255f43ab9c7,"Tengo problemas para registrar mi cara en el panel para tomar mi asistencia, me podrían apoyar por favor",06d62384-793f-4823-ae2e-f933e24fe906,MEDIA,WHATSAPP
119,Contacto de luz no energiza,Cerrado,2026-03-30 12:00,df874b65-77b4-4703-a94a-e69d1cf975be,cd7fcce8-b88c-4d12-be9e-bb3e391c4b82,"Buenos días, necesito de su apoyo ya que no enciende mi PC",06d62384-793f-4823-ae2e-f933e24fe906,MEDIA,WHATSAPP
25,Teléfono no se escucha el auricular,Cerrado,2026-03-04 09:33,df874b65-77b4-4703-a94a-e69d1cf975be,adcf7bdd-7901-4901-bc10-10a64870cc56,El teléfono de vigilancia con ext. 0190 no se escucha el auricular,06d62384-793f-4823-ae2e-f933e24fe906,MEDIA,WHATSAPP
240,Funciones bloqueadas en web,Cerrado,2026-05-05 17:35,df874b65-77b4-4703-a94a-e69d1cf975be,b81e6e79-52ad-4d29-9ff8-ca739cbe2e1c,"Buenas tardes quisiera que me apoyasen generando un PDF en una de registro, pero no me arroja nada, no me genera ningún PDF",06d62384-793f-4823-ae2e-f933e24fe906,MEDIA,WHATSAPP
589,Error al acceder a Dealer Daily,Cerrado,2026-08-03 12:00,df874b65-77b4-4703-a94a-e69d1cf975be,1d314185-1a17-41c7-959b-bcb188a5dba7,Al querer acceder a la pagina de Dealer marca un error al iniciar sesión.,06d62384-793f-4823-ae2e-f933e24fe906,MEDIA,WHATSAPP
502,Error al escanear documentos,Cerrado,2026-07-11 11:49,e53a5e4b-4cc2-4f5c-8fab-a9543882871f,95717a85-3c2a-409f-9f9e-237db83aed01,"Los correos son visibles en el panel de la impresora, pero al momento de enviarlos no se ven reflejados en el correo.",06d62384-793f-4823-ae2e-f933e24fe906,MEDIA,WHATSAPP
163,Restablecer contraseña VPN,Cerrado,2026-04-14 16:23,e53a5e4b-4cc2-4f5c-8fab-a9543882871f,498c68ae-c54a-4937-8df3-f1a55ebc7ae1,"Necesito de su ayuda, quiero que me actualicen la contraseña de mi VPN, ya que no me deja acceder y la que tenia caducó.",06d62384-793f-4823-ae2e-f933e24fe906,MEDIA,WHATSAPP
282,Error al cargar pedido en boveda,Cerrado,2026-05-07 10:17,e53a5e4b-4cc2-4f5c-8fab-a9543882871f,64bf87a9-74df-414c-997e-501faff5b8f9,"Al subir el pedido muestra el siguiente error: VERIFIQUE QUE EL NOMBRE Y CÓDIGO
POSTAL COINCIDAN CON LA INFORMACIÓN DEL SAT",06d62384-793f-4823-ae2e-f933e24fe906,MEDIA,WHATSAPP
534,Actualizar documentos y nombre de cliente en Control Bóveda,Cerrado,2026-07-21 10:50,e53a5e4b-4cc2-4f5c-8fab-a9543882871f,64bf87a9-74df-414c-997e-501faff5b8f9,"Sustituir el pedido, ya que está mal escrito el nombre del cliente y también cambiar el titulo del cliente.",06d62384-793f-4823-ae2e-f933e24fe906,MEDIA,WHATSAPP
519,Actualización de contraseña Dealer Daily,Cerrado,2026-07-16 13:09,e53a5e4b-4cc2-4f5c-8fab-a9543882871f,1d314185-1a17-41c7-959b-bcb188a5dba7,"Al solicitante se le bloqueó su usuario de Dealer, lo que se requiere una actualización de contraseña.",06d62384-793f-4823-ae2e-f933e24fe906,MEDIA,WHATSAPP
634,Corrección de dirección de colonia,Cerrado,2026-08-14 11:38,e53a5e4b-4cc2-4f5c-8fab-a9543882871f,a494c538-2006-42c8-abb7-99e6892d3042,Corregir el nombre de la colonia.,06d62384-793f-4823-ae2e-f933e24fe906,MEDIA,WHATSAPP
281,Añadir Colonia,Cerrado,2026-05-06 10:33,e53a5e4b-4cc2-4f5c-8fab-a9543882871f,a494c538-2006-42c8-abb7-99e6892d3042,"Añadir colonia CASCALOTES

CP 40010",06d62384-793f-4823-ae2e-f933e24fe906,MEDIA,WHATSAPP
507,No hay conexión con la impresora,Cerrado,2026-07-14 17:29,e4792e10-19e3-43b6-941c-e30aa73cc487,95717a85-3c2a-409f-9f9e-237db83aed01,Al querer imprimir un documento la impresora seleccionada aparece como desconectada.,06d62384-793f-4823-ae2e-f933e24fe906,MEDIA,WHATSAPP
190,Restablecer contraseña PC,Cerrado,2026-04-23 09:24,e4792e10-19e3-43b6-941c-e30aa73cc487,cd7fcce8-b88c-4d12-be9e-bb3e391c4b82,"Buenos días, necesito que me generen una nueva contraseña para poder acceder a mi maquina, ya que tiene tiempo de que no la uso y quiero volver a utilizar, solo con el detalle de que no me sé la contraseña.",06d62384-793f-4823-ae2e-f933e24fe906,MEDIA,WHATSAPP
207,Llamadas no entran a la ext 0142,Cerrado,2026-04-16 12:00,e4792e10-19e3-43b6-941c-e30aa73cc487,adcf7bdd-7901-4901-bc10-10a64870cc56,La ext 0142 no entra en el grupo de timbrado de Ventas,06d62384-793f-4823-ae2e-f933e24fe906,MEDIA,WHATSAPP
136,Restablecer contraseña de correo,Cerrado,2026-03-25 12:00,e4792e10-19e3-43b6-941c-e30aa73cc487,06aa988c-5049-4b52-a6a4-d5d22d305062,Restablecer correo de acastillo@toyotaguerrero.com.mx,06d62384-793f-4823-ae2e-f933e24fe906,MEDIA,WHATSAPP
623,Corrección de datos de cliente en Quiter,Cerrado,2026-08-12 12:00,e4792e10-19e3-43b6-941c-e30aa73cc487,a494c538-2006-42c8-abb7-99e6892d3042,Corregir los datos faltantes de la dirección del cliente.,06d62384-793f-4823-ae2e-f933e24fe906,MEDIA,WHATSAPP
55,No se sincronizan los archivos en la nube,Cerrado,2026-03-07 12:00,24a82424-fafc-485d-a15b-5294d7245662,20e62295-6c41-4fc3-b1e0-849f1fcd8238,Al querer abrir un documento de NextCloud sale un error,06d62384-793f-4823-ae2e-f933e24fe906,MEDIA,WHATSAPP
51,Ajustar tabla Excel,Cerrado,2026-03-09 12:00,24a82424-fafc-485d-a15b-5294d7245662,b81e6e79-52ad-4d29-9ff8-ca739cbe2e1c,"Quiero abarcar dos paginas de Excel en una sola pantalla, me podrían ayudar por favor",06d62384-793f-4823-ae2e-f933e24fe906,MEDIA,WHATSAPP
609,Pago en cancelación no deja enviar comentarios de corrección,Cerrado,2026-08-08 12:00,24a82424-fafc-485d-a15b-5294d7245662,64bf87a9-74df-414c-997e-501faff5b8f9,"En la pagina de Control, uno de los pagos que está en proceso de cancelación, no deja enviar los comentarios por corrección, el pago sigue estando en ese apartado.",06d62384-793f-4823-ae2e-f933e24fe906,MEDIA,WHATSAPP
11,Cambio de cuenta contable en pólizas,Cerrado,2026-03-02 13:19,24a82424-fafc-485d-a15b-5294d7245662,a494c538-2006-42c8-abb7-99e6892d3042,"las polizas estan saliendo con la caida contable a una cuenta que no es.

Las cuentas contables correctas son: 1550141, 1550241, 1550341",06d62384-793f-4823-ae2e-f933e24fe906,MEDIA,WHATSAPP
346,Sustitución de documentos,Cerrado,2026-06-04 12:42,01b60334-940b-4ca9-8523-05a9fdf6ddef,64bf87a9-74df-414c-997e-501faff5b8f9,Sustituir documentos ya almacenados en la bóveda por unos ya corregidos,06d62384-793f-4823-ae2e-f933e24fe906,MEDIA,WHATSAPP
215,Erro al subir pedido en la página de Control,Cerrado,2026-04-23 17:13,01b60334-940b-4ca9-8523-05a9fdf6ddef,64bf87a9-74df-414c-997e-501faff5b8f9,"Al subir los documentos del pedido, el sistema no reconoce el RFC del cliente",06d62384-793f-4823-ae2e-f933e24fe906,MEDIA,WHATSAPP
14,No aparece pedido en la boveda,Cerrado,2026-03-02 10:50,01b60334-940b-4ca9-8523-05a9fdf6ddef,64bf87a9-74df-414c-997e-501faff5b8f9,"En la boveda no aparece el pedido para subir la documentación 

 	* FNUA-13606",06d62384-793f-4823-ae2e-f933e24fe906,MEDIA,WHATSAPP
404,Cambiar documentación en control,Cerrado,2026-06-04 11:19,01b60334-940b-4ca9-8523-05a9fdf6ddef,64bf87a9-74df-414c-997e-501faff5b8f9,"Los documentos a sustituir son:

 	* Pedido
 	* AMDA

Referencia: 29446018",06d62384-793f-4823-ae2e-f933e24fe906,MEDIA,WHATSAPP
301,Generar Reporte de clientes,Cerrado,2026-05-20 10:39,01b60334-940b-4ca9-8523-05a9fdf6ddef,a494c538-2006-42c8-abb7-99e6892d3042,Generar reporte de todos los clientes de Sergio Castro Seminuevos,06d62384-793f-4823-ae2e-f933e24fe906,MEDIA,WHATSAPP
108,Agregar Colonia,Cerrado,2026-03-20 14:42,01b60334-940b-4ca9-8523-05a9fdf6ddef,a494c538-2006-42c8-abb7-99e6892d3042,Agregar colonia LA ESPERANZA CP 39810,06d62384-793f-4823-ae2e-f933e24fe906,MEDIA,WHATSAPP
76,No se puede acceder a Quiter,Cerrado,2026-03-12 12:14,330074f9-af74-4575-bf9f-0694cf949413,003663d6-4308-4ea0-be7e-401c29383c64,No se puede conectar a la VPN para acceder a Quiter,06d62384-793f-4823-ae2e-f933e24fe906,MEDIA,WHATSAPP
667,instalacion de VPN,Cerrado,2026-08-25 12:00,330074f9-af74-4575-bf9f-0694cf949413,498c68ae-c54a-4937-8df3-f1a55ebc7ae1,Instalacion de certificado de VPN para Quiter,06d62384-793f-4823-ae2e-f933e24fe906,MEDIA,WHATSAPP
302,Instalar VPN y Quiter,Cerrado,2026-05-21 15:44,330074f9-af74-4575-bf9f-0694cf949413,b81e6e79-52ad-4d29-9ff8-ca739cbe2e1c,Agregar VPN e Instalar Quiter de Auditoria,06d62384-793f-4823-ae2e-f933e24fe906,MEDIA,WHATSAPP
632,Agregar impresora,Cerrado,2026-08-14 10:59,6da27585-0210-49cc-a81b-a97caec6ba59,95717a85-3c2a-409f-9f9e-237db83aed01,Agregar impresora en laptop en el área de Seminuevos.,06d62384-793f-4823-ae2e-f933e24fe906,MEDIA,WHATSAPP
351,Registro de correo en impresora,Cerrado,2026-06-05 13:55,6da27585-0210-49cc-a81b-a97caec6ba59,95717a85-3c2a-409f-9f9e-237db83aed01,Solicitan registrar los correos de la señorita Karla Berenice Y Claudia Herrera en la impresora de seminuevos.,06d62384-793f-4823-ae2e-f933e24fe906,MEDIA,WHATSAPP
252,Agregar impresora,Cerrado,2026-05-11 11:20,6da27585-0210-49cc-a81b-a97caec6ba59,95717a85-3c2a-409f-9f9e-237db83aed01,"Buenos días, necesito que me apoyen agregando de mi laptop la impresora de Seminuevos",06d62384-793f-4823-ae2e-f933e24fe906,MEDIA,WHATSAPP
513,Instalar Quiter y registrar la impresora,Cerrado,2026-07-14 12:00,6da27585-0210-49cc-a81b-a97caec6ba59,cd7fcce8-b88c-4d12-be9e-bb3e391c4b82,La usuaria de seminuevos requiere de la instalación de Quiter y que se dé de alta la impresora de esa misma área.,06d62384-793f-4823-ae2e-f933e24fe906,MEDIA,WHATSAPP
253,Nueva extensión 3CX,Cerrado,2026-05-11 18:32,6da27585-0210-49cc-a81b-a97caec6ba59,d668000c-da87-4bd2-9a6f-2b1aceed3e56,"Buenas tardes, quisiera que me apoyasen con una nueva extensión personal para que pueda atender a los clientes cuando empiecen a llegar llamadas al área de Seminuevos.",06d62384-793f-4823-ae2e-f933e24fe906,MEDIA,WHATSAPP
423,Dificultades al cargar pedidos en bóveda,Cerrado,2026-06-23 13:28,6da27585-0210-49cc-a81b-a97caec6ba59,64bf87a9-74df-414c-997e-501faff5b8f9,Al momento de ingresar los documentos aparece una leyenda que el nombre o el CP son erróneos.,06d62384-793f-4823-ae2e-f933e24fe906,MEDIA,WHATSAPP
336,Nueva cuenta Bóveda Fiscal Digital,Cerrado,2026-06-01 17:49,6da27585-0210-49cc-a81b-a97caec6ba59,64bf87a9-74df-414c-997e-501faff5b8f9,Solicitaron crear un nuevo usuario para generar las constancias del SAT a la señorita Karla Berenice de Seminuevos.,06d62384-793f-4823-ae2e-f933e24fe906,MEDIA,WHATSAPP
257,Telegram ID,Cerrado,2026-05-14 13:03,6da27585-0210-49cc-a81b-a97caec6ba59,64bf87a9-74df-414c-997e-501faff5b8f9,"Buenas tardes, quisiera que me apoyasen agregando mi Telegram ID en la plataforma de la bóveda para recibir notificaciones de los pedidos en mi celular ",06d62384-793f-4823-ae2e-f933e24fe906,MEDIA,WHATSAPP
400,Constancia con encontrada,Cerrado,2026-06-20 11:44,6da27585-0210-49cc-a81b-a97caec6ba59,64bf87a9-74df-414c-997e-501faff5b8f9,La constancia del vendedor no aparece en la pagina para cotejar constancias en el SAT.,06d62384-793f-4823-ae2e-f933e24fe906,MEDIA,WHATSAPP
646,Habilitar campo en Dealer Daily,Cerrado,2026-08-19 13:33,6da27585-0210-49cc-a81b-a97caec6ba59,1d314185-1a17-41c7-959b-bcb188a5dba7,"Habilitar el campo ""Vehículo"" - ""Sistema de Administración de Vehículos - Excluir Costo"".",06d62384-793f-4823-ae2e-f933e24fe906,MEDIA,WHATSAPP
622,Error al ingresar dirección de cliente,Cerrado,2026-08-12 12:00,6da27585-0210-49cc-a81b-a97caec6ba59,a494c538-2006-42c8-abb7-99e6892d3042,"La vendedora de Seminuevos asegura ingresar los datos correctos de la dirección de un cliente, pero al querer guardar los datos del cliente muestra un error en Quiter en donde los datos del domicilio son erróneos.",06d62384-793f-4823-ae2e-f933e24fe906,MEDIA,WHATSAPP
555,Expansión de campos de Quiter,Cerrado,2026-07-27 12:43,6da27585-0210-49cc-a81b-a97caec6ba59,a494c538-2006-42c8-abb7-99e6892d3042,Agregar los datos faltantes al perfil del cliente.,06d62384-793f-4823-ae2e-f933e24fe906,MEDIA,WHATSAPP
549,Alta de colonia,Cerrado,2026-07-24 12:00,6da27585-0210-49cc-a81b-a97caec6ba59,a494c538-2006-42c8-abb7-99e6892d3042,Alta de colonia en Quiter.,06d62384-793f-4823-ae2e-f933e24fe906,MEDIA,WHATSAPP
482,Agregar colonia en Quiter,Cerrado,2026-07-07 12:00,6da27585-0210-49cc-a81b-a97caec6ba59,a494c538-2006-42c8-abb7-99e6892d3042,Agregar nueva colonia en Quiter.,06d62384-793f-4823-ae2e-f933e24fe906,MEDIA,WHATSAPP
399,Cliente extranjero,Cerrado,2026-06-16 12:00,6da27585-0210-49cc-a81b-a97caec6ba59,a494c538-2006-42c8-abb7-99e6892d3042,"Dudas respecto al registro del cliente dentro de Quiter, el cliente cuenta con un solo apellido, ya que es extranjero y los campos requieren que se agreguen 2 apellidos.",06d62384-793f-4823-ae2e-f933e24fe906,MEDIA,WHATSAPP
350,Expansión de campos de Quiter,Cerrado,2026-06-04 18:18,6da27585-0210-49cc-a81b-a97caec6ba59,a494c538-2006-42c8-abb7-99e6892d3042,"El cliente con numero 358858 requiere de completar la dirección, ya que Quiter limita los caracteres.",06d62384-793f-4823-ae2e-f933e24fe906,MEDIA,WHATSAPP
337,Error al editar cliente en Quiter,Cerrado,2026-06-01 12:00,6da27585-0210-49cc-a81b-a97caec6ba59,a494c538-2006-42c8-abb7-99e6892d3042,"La asesora de seminuevos quiere editar al cliente con numero 311222, pero ya hay un registro previo con los mismos datos con el numero 252442, lo que solicitan deshabilitar al cliente con numero 252442 para poder proceder con la edición. ",06d62384-793f-4823-ae2e-f933e24fe906,MEDIA,WHATSAPP
480,Actualización de contraseña Dealer Daily,Cerrado,2026-07-06 12:00,6da27585-0210-49cc-a81b-a97caec6ba59,1d314185-1a17-41c7-959b-bcb188a5dba7,Actualizar la contraseña de Dealer al usuario solicitado.,06d62384-793f-4823-ae2e-f933e24fe906,MEDIA,WHATSAPP
472,Actualizar TV,Cerrado,2026-07-03 12:29,f10d94cb-b63a-497c-9b75-e1dcfe2c80f3,d228cfc0-b11b-4d56-a0fe-ac726aecc5b8,La TV de la Lobby contaba con una actualización pendiente.,06d62384-793f-4823-ae2e-f933e24fe906,MEDIA,WHATSAPP
300,Error de conexión con caja digital TV,Cerrado,2026-05-28 10:23,f10d94cb-b63a-497c-9b75-e1dcfe2c80f3,d228cfc0-b11b-4d56-a0fe-ac726aecc5b8,No logra establecer conexión la caja digital en la lobby de la agencia.,06d62384-793f-4823-ae2e-f933e24fe906,MEDIA,WHATSAPP
100,Actualización TV,Cerrado,2026-03-23 10:33,f10d94cb-b63a-497c-9b75-e1dcfe2c80f3,d228cfc0-b11b-4d56-a0fe-ac726aecc5b8,Necesito que se actualice la TV de la lobby para que los clientes puedan entretenerse mientras esperan su unidad,06d62384-793f-4823-ae2e-f933e24fe906,MEDIA,WHATSAPP
476,Error al imprimir,Cerrado,2026-07-06 11:15,fb237994-cb26-484b-862f-661e02756a72,95717a85-3c2a-409f-9f9e-237db83aed01,"Se mandan documentos a la impresora, pero el equipo multifuncional no realiza la impresión del documento.",06d62384-793f-4823-ae2e-f933e24fe906,MEDIA,WHATSAPP
362,Configuración modificada en impresora,Cerrado,2026-06-11 17:22,fb237994-cb26-484b-862f-661e02756a72,95717a85-3c2a-409f-9f9e-237db83aed01,La impresora nuevamente saca las copias en distinto tamaño.,06d62384-793f-4823-ae2e-f933e24fe906,MEDIA,WHATSAPP
359,Tamaño reducido en copias,Cerrado,2026-06-11 12:00,fb237994-cb26-484b-862f-661e02756a72,95717a85-3c2a-409f-9f9e-237db83aed01,"La impresora de ventas al momento de sacar copias, el tamaño sale reducido y con esquinas sin completar.",06d62384-793f-4823-ae2e-f933e24fe906,MEDIA,WHATSAPP
354,Hoja atascada en impresora,Cerrado,2026-06-09 15:04,fb237994-cb26-484b-862f-661e02756a72,95717a85-3c2a-409f-9f9e-237db83aed01,Solicitan ayuda al retirar una hoja atorada en la impresora de Financiamiento.,06d62384-793f-4823-ae2e-f933e24fe906,MEDIA,WHATSAPP
234,Ajuste de formato,Cerrado,2026-05-02 12:16,fb237994-cb26-484b-862f-661e02756a72,95717a85-3c2a-409f-9f9e-237db83aed01,"Buenos días, cada vez que mando a imprimir me pide que acepte unos ajustes en la impresora y que seleccione el formato de hoja, pero eso es a cada rato que mando un documento a imprimir.",06d62384-793f-4823-ae2e-f933e24fe906,MEDIA,WHATSAPP
469,Fallo al agregar impresora,Cerrado,2026-07-01 12:00,fb237994-cb26-484b-862f-661e02756a72,cd7fcce8-b88c-4d12-be9e-bb3e391c4b82,La laptop no reconoce la impresora al momento de agregarla manualmente con la dirección IP.,06d62384-793f-4823-ae2e-f933e24fe906,MEDIA,WHATSAPP
542,Laptop no se conecta a la red,Cerrado,2026-07-23 16:56,fb237994-cb26-484b-862f-661e02756a72,ec4ff3dc-3bef-4615-a7be-8b5e0cd99d0e,La laptop de uno de los vendedores no logra conectarse a la red de la empresa.,06d62384-793f-4823-ae2e-f933e24fe906,MEDIA,WHATSAPP
604,Constancia no cargada en pagina del SAT,Cerrado,2026-08-07 12:00,fb237994-cb26-484b-862f-661e02756a72,b81e6e79-52ad-4d29-9ff8-ca739cbe2e1c,"Al subir la constancia de situación fiscal de un cliente no queda reflejado en la plataforma, aun así se busque por RFC o el ID del SAT no muestra ningún resultado.",06d62384-793f-4823-ae2e-f933e24fe906,MEDIA,WHATSAPP
373,Navegador web,Cerrado,2026-06-15 18:05,fb237994-cb26-484b-862f-661e02756a72,b81e6e79-52ad-4d29-9ff8-ca739cbe2e1c,Instalar el navegador web Brave en la laptop de un vendedor,06d62384-793f-4823-ae2e-f933e24fe906,MEDIA,WHATSAPP
260,Problemas con extensión vendedor,Cerrado,2026-05-14 12:00,fb237994-cb26-484b-862f-661e02756a72,d668000c-da87-4bd2-9a6f-2b1aceed3e56,"Buenos días, me podrían apoyar con mi teléfono, intento hacer una llamada directamente a mi compañera con la extensión 0151 (Edith Pelaes) pero no me puedo contactar con ella, me apoyan por favor",06d62384-793f-4823-ae2e-f933e24fe906,MEDIA,WHATSAPP
619,Edición de datos en Quiter,Cerrado,2026-08-12 11:31,fb237994-cb26-484b-862f-661e02756a72,a494c538-2006-42c8-abb7-99e6892d3042,"Editar la dirección del cliente, ya que limitan el numero de caracteres en Quiter.",06d62384-793f-4823-ae2e-f933e24fe906,MEDIA,WHATSAPP
328,Corrección de colonia en Quiter,Cerrado,2026-05-29 17:48,fb237994-cb26-484b-862f-661e02756a72,a494c538-2006-42c8-abb7-99e6892d3042,"El usuario pidió de favor corregir la dirección de un cliente, No. Usuario:145828",06d62384-793f-4823-ae2e-f933e24fe906,MEDIA,WHATSAPP
98,Reposición de contraseña NextCloud y carpeta compartida con código QR,Cerrado,2026-03-21 12:43,e374e7e5-b55a-4ca0-bc06-a28c4762e247,20e62295-6c41-4fc3-b1e0-849f1fcd8238,"Necesito crear una carpeta en donde pueda yo colocar mis boletines y compartir a los chavos de Taller pero que se genere un código QR para que ellos solo escaneen y vean los archivos en su celular sin necesidad de estar parado y ver los documentos que yo comparto, pero antes de eso necesito restablecer mi contraseña para poder acceder a la pagina web de NextCloud y poder subir mi información a la carpeta.",06d62384-793f-4823-ae2e-f933e24fe906,MEDIA,WHATSAPP
616,Añadir nueva sección en Dealer Daily,Cerrado,2026-08-11 12:00,e374e7e5-b55a-4ca0-bc06-a28c4762e247,1d314185-1a17-41c7-959b-bcb188a5dba7,Solicitan el campo Orden de piezas en el perfil de Dealer Daily.,06d62384-793f-4823-ae2e-f933e24fe906,MEDIA,WHATSAPP
535,Actualización de contraseña Dealer Daily,Cerrado,2026-07-21 12:00,e374e7e5-b55a-4ca0-bc06-a28c4762e247,1d314185-1a17-41c7-959b-bcb188a5dba7,Se actualiza la contraseña Dealer al usuario Cesar Cruz.,06d62384-793f-4823-ae2e-f933e24fe906,MEDIA,WHATSAPP
238,Fallas al imprimir documentos,Cerrado,2026-05-05 10:13,ebb04149-3ea1-45f4-9f56-af50ca4d204a,95717a85-3c2a-409f-9f9e-237db83aed01,"Buenos días, mis compañeros y yo no podemos imprimir ningún documento en la impresora de ventas, ni por PC de escritorio ni por laptops y requerimos sacar los formatos para los clientes.",06d62384-793f-4823-ae2e-f933e24fe906,MEDIA,WHATSAPP
88,Archivo erróneo en la boveda,Cerrado,2026-03-17 11:17,ebb04149-3ea1-45f4-9f56-af50ca4d204a,64bf87a9-74df-414c-997e-501faff5b8f9,"Al subir la INE de un pedido se subio un archivo equivocado 

Ref: 29360860",06d62384-793f-4823-ae2e-f933e24fe906,MEDIA,WHATSAPP
522,Error al visualizar INE,Cerrado,2026-07-16 12:00,ebb04149-3ea1-45f4-9f56-af50ca4d204a,64bf87a9-74df-414c-997e-501faff5b8f9,En la pagina de Control. al querer visualizar la INE del cliente muestra una pantalla de error.,06d62384-793f-4823-ae2e-f933e24fe906,MEDIA,WHATSAPP
592,Corrección de datos de cliente en Quiter,Cerrado,2026-07-31 12:00,ebb04149-3ea1-45f4-9f56-af50ca4d204a,a494c538-2006-42c8-abb7-99e6892d3042,Editar datos desactualizados de un cliente en Quiter.,06d62384-793f-4823-ae2e-f933e24fe906,MEDIA,WHATSAPP
556,Alta de colonia,Cerrado,2026-07-27 17:13,ebb04149-3ea1-45f4-9f56-af50ca4d204a,a494c538-2006-42c8-abb7-99e6892d3042,Alta de colonia.,06d62384-793f-4823-ae2e-f933e24fe906,MEDIA,WHATSAPP
401,Dar de alta Colonia,Cerrado,2026-05-29 13:06,ebb04149-3ea1-45f4-9f56-af50ca4d204a,a494c538-2006-42c8-abb7-99e6892d3042,"Cliente 358365 

colonia es infonavit centro cp 39640",06d62384-793f-4823-ae2e-f933e24fe906,MEDIA,WHATSAPP
329,Error al imprimir contenido de tabla,Cerrado,2026-05-29 19:06,ebb04149-3ea1-45f4-9f56-af50ca4d204a,a494c538-2006-42c8-abb7-99e6892d3042,El usuario al momento de imprimir un documento en Quiter le aparece la tabla junto con las secciones en blanco.,06d62384-793f-4823-ae2e-f933e24fe906,MEDIA,WHATSAPP
278,Dar de alta Colonia,Cerrado,2026-05-06 13:06,ebb04149-3ea1-45f4-9f56-af50ca4d204a,a494c538-2006-42c8-abb7-99e6892d3042,el cliente es 358365  colonia es infonavit centro cp es 39640,06d62384-793f-4823-ae2e-f933e24fe906,MEDIA,WHATSAPP
135,Corregir RFC,Cerrado,2026-03-31 12:00,ebb04149-3ea1-45f4-9f56-af50ca4d204a,a494c538-2006-42c8-abb7-99e6892d3042,"Corregir el RFC de la cuenta 357649

RFC: SAMA790511DN2",06d62384-793f-4823-ae2e-f933e24fe906,MEDIA,WHATSAPP
134,Agregar Colonia,Cerrado,2026-03-25 12:00,ebb04149-3ea1-45f4-9f56-af50ca4d204a,a494c538-2006-42c8-abb7-99e6892d3042,"CP 71600

Barrio de las Flores",06d62384-793f-4823-ae2e-f933e24fe906,MEDIA,WHATSAPP
112,Agregar Colonia,Cerrado,2026-03-25 12:37,ebb04149-3ea1-45f4-9f56-af50ca4d204a,a494c538-2006-42c8-abb7-99e6892d3042,"BARRIO LAS FLORES

CP: 71600",06d62384-793f-4823-ae2e-f933e24fe906,MEDIA,WHATSAPP
111,Agregar Colonia,Cerrado,2026-03-20 11:00,ebb04149-3ea1-45f4-9f56-af50ca4d204a,a494c538-2006-42c8-abb7-99e6892d3042,"CP 60950
COLONIA SOLIDARIDAD",06d62384-793f-4823-ae2e-f933e24fe906,MEDIA,WHATSAPP
105,Agregar colonia,Cerrado,2026-03-20 10:57,ebb04149-3ea1-45f4-9f56-af50ca4d204a,a494c538-2006-42c8-abb7-99e6892d3042,Agregar la colonia SOLIDARIDAD CP 60950 ,06d62384-793f-4823-ae2e-f933e24fe906,MEDIA,WHATSAPP
78,Agregar Colonia,Cerrado,2026-03-12 10:31,ebb04149-3ea1-45f4-9f56-af50ca4d204a,a494c538-2006-42c8-abb7-99e6892d3042,"Registrar Colonia LAS PLAYAS Código postal es 39700 

Cliente es REY DAVID GARCIA CASTRO",06d62384-793f-4823-ae2e-f933e24fe906,MEDIA,WHATSAPP
538,Autorización de salidas,Cerrado,2026-07-21 12:00,981d4196-9732-4786-bc05-625e41b29f77,64bf87a9-74df-414c-997e-501faff5b8f9,"Se necesita que al auxiliar contable asignado se le dé los permisos para la autorización de salidas, tanto en Guerrero como en Chilpancingo.",06d62384-793f-4823-ae2e-f933e24fe906,MEDIA,WHATSAPP
42,Comportamiento en validación de cuentas en Pólizas contables,Cerrado,2026-02-24 17:08,981d4196-9732-4786-bc05-625e41b29f77,a494c538-2006-42c8-abb7-99e6892d3042,"Al registrar una póliza contable en empresa 7 si agregamos una cuenta de la empresa 4 (1000141) nos deja grabar, eso no debería pasar ",06d62384-793f-4823-ae2e-f933e24fe906,MEDIA,WHATSAPP
647,Habilitar Greenshot en PC,Cerrado,2026-08-19 14:17,c044a2c1-414e-4d3b-9ac1-b07a5b9b2df2,cd7fcce8-b88c-4d12-be9e-bb3e391c4b82,Habilitar Greenshot en PC. ,06d62384-793f-4823-ae2e-f933e24fe906,MEDIA,WHATSAPP
64,Interferencia en llamada,Cerrado,2026-03-10 12:00,c044a2c1-414e-4d3b-9ac1-b07a5b9b2df2,adcf7bdd-7901-4901-bc10-10a64870cc56,"Tenemos dificultades en nuestros teléfonos, al momento en que realizábamos llamadas a los clientes no lo podíamos escuchar, ya que se escuchaba como interferencia ",06d62384-793f-4823-ae2e-f933e24fe906,MEDIA,WHATSAPP
574,Grabación 3CX,Cerrado,2026-07-30 13:11,c044a2c1-414e-4d3b-9ac1-b07a5b9b2df2,d668000c-da87-4bd2-9a6f-2b1aceed3e56,Grabación al número 7451029117.,06d62384-793f-4823-ae2e-f933e24fe906,MEDIA,WHATSAPP
352,Grabación 3CX,Cerrado,2026-06-09 12:52,c044a2c1-414e-4d3b-9ac1-b07a5b9b2df2,d668000c-da87-4bd2-9a6f-2b1aceed3e56,Solicitan la grabación de una cliente porque no se acuerdan en qué momento se agendó la cita del servicio,06d62384-793f-4823-ae2e-f933e24fe906,MEDIA,WHATSAPP
29,Agregar numeros a la lista negra,Cerrado,2026-03-04 12:21,c044a2c1-414e-4d3b-9ac1-b07a5b9b2df2,d668000c-da87-4bd2-9a6f-2b1aceed3e56,"Lista negra de los siguientes numeros:

 	* 3316695146
 	* 3312226146",06d62384-793f-4823-ae2e-f933e24fe906,MEDIA,WHATSAPP
91,Problemas al acceder a TIS,Cerrado,2026-03-18 10:50,c044a2c1-414e-4d3b-9ac1-b07a5b9b2df2,1d314185-1a17-41c7-959b-bcb188a5dba7,"No puedo entrar a TIS, pongo mi contraseña y no me deja entrar",06d62384-793f-4823-ae2e-f933e24fe906,MEDIA,WHATSAPP
420,Asignar Perfil Narobial,Cerrado,2026-06-23 12:31,c044a2c1-414e-4d3b-9ac1-b07a5b9b2df2,10162b7c-392d-4f86-9fa2-6500cb00e3dc,Compartir al usuario solicitado las credenciales para su perfil de Narobial.,06d62384-793f-4823-ae2e-f933e24fe906,MEDIA,WHATSAPP
148,Grabacion de llamada a cliente,Cerrado,2026-04-10 12:00,c044a2c1-414e-4d3b-9ac1-b07a5b9b2df2,d668000c-da87-4bd2-9a6f-2b1aceed3e56,"Buenos dias, requiero de su apoyo, un cliente nos marcó paro no recordamos el tipo de servicio se le tenia que hacer, me apoyan compartiendo la grabacion para poder identificar al cliente, las llamadas fueron entre el 8 y 9 de abril del presente año",06d62384-793f-4823-ae2e-f933e24fe906,MEDIA,WHATSAPP
528,Papel atascado en impresora,Cerrado,2026-07-20 10:16,14288d04-6d4f-4428-a54c-80f3221f7766,95717a85-3c2a-409f-9f9e-237db83aed01,Una hoja quedó atascada en la impresora de Ventas.,06d62384-793f-4823-ae2e-f933e24fe906,MEDIA,WHATSAPP
229,Nuevo usuario VPN,Cerrado,2026-04-29 12:00,14288d04-6d4f-4428-a54c-80f3221f7766,498c68ae-c54a-4937-8df3-f1a55ebc7ae1,"Hola buenas tardes, quisiera que me apoyasen agregando una VPN en mi equipo de computo, ya que quiero adelantar mis labores en mi casa",06d62384-793f-4823-ae2e-f933e24fe906,MEDIA,WHATSAPP
511,Cambiar formato de Lista Negra,Cerrado,2026-07-14 12:00,14288d04-6d4f-4428-a54c-80f3221f7766,64bf87a9-74df-414c-997e-501faff5b8f9,"La vendedora Karina Diaz Solicita un cambio de formato en la Lista Negra, ya que se equivocó y pide el cambio del documento por el que es correcto.",06d62384-793f-4823-ae2e-f933e24fe906,MEDIA,WHATSAPP
338,Sustitución de INE por Pasaporte,Cerrado,2026-06-02 12:00,14288d04-6d4f-4428-a54c-80f3221f7766,64bf87a9-74df-414c-997e-501faff5b8f9,El solicitante requiere de sustituir la INE del cliente por su pasaporte.,06d62384-793f-4823-ae2e-f933e24fe906,MEDIA,WHATSAPP
232,Actualización de archivos,Cerrado,2026-04-30 13:32,14288d04-6d4f-4428-a54c-80f3221f7766,64bf87a9-74df-414c-997e-501faff5b8f9,"Pueden corregir unos documentos en bóveda, se subieron de manera errónea con la lista negra y INE.",06d62384-793f-4823-ae2e-f933e24fe906,MEDIA,WHATSAPP
641,Telegram ID,Cerrado,2026-08-17 10:10,14288d04-6d4f-4428-a54c-80f3221f7766,64bf87a9-74df-414c-997e-501faff5b8f9,Agregar el ID de Telegram en el perfil de Control Guerrero a vendedor.,06d62384-793f-4823-ae2e-f933e24fe906,MEDIA,WHATSAPP
107,Reinstalación de Thunderbird,Cerrado,2026-03-24 11:53,14288d04-6d4f-4428-a54c-80f3221f7766,06aa988c-5049-4b52-a6a4-d5d22d305062,Mi thunderbird me sacó y me pide que actualice la contraseña,06d62384-793f-4823-ae2e-f933e24fe906,MEDIA,WHATSAPP
101,Firma y reposición de contraseña de correo para Karina Díaz,Cerrado,2026-03-23 12:34,14288d04-6d4f-4428-a54c-80f3221f7766,06aa988c-5049-4b52-a6a4-d5d22d305062,"Necesito mi firma electrónica (Imagen de la empresa y mi nombre en mi correo) para que, al momento de de enviar un correo a los clientes sepan quien les mandó el correo, ahora, tengo problemas al acceder a mi correo empresarial, me aparece que la contraseña expiró y que necesito restablecerla, podrían ayudarme con eso por favor.",06d62384-793f-4823-ae2e-f933e24fe906,MEDIA,WHATSAPP
203,Cuenta Personal duplicada,Cerrado,2026-04-14 12:00,14288d04-6d4f-4428-a54c-80f3221f7766,a494c538-2006-42c8-abb7-99e6892d3042,"Al querer editar una cuenta personal, sale el siguiente error:
""Ya existe la cuenta personal 166907 con el mismo nombre""",06d62384-793f-4823-ae2e-f933e24fe906,MEDIA,WHATSAPP
202,Corregir nombre,Cerrado,2026-04-11 12:00,14288d04-6d4f-4428-a54c-80f3221f7766,a494c538-2006-42c8-abb7-99e6892d3042,Agregar el Regimen de capital S.P.R. DE R.L. a la cuenta 93290,06d62384-793f-4823-ae2e-f933e24fe906,MEDIA,WHATSAPP
201,Error al generar AMDA,Cerrado,2026-04-10 12:00,14288d04-6d4f-4428-a54c-80f3221f7766,a494c538-2006-42c8-abb7-99e6892d3042,Al generar el formato AMDA sale un error,06d62384-793f-4823-ae2e-f933e24fe906,MEDIA,WHATSAPP
34,Reposicion de contraseña Quiter,Cerrado,2026-03-05 12:00,14288d04-6d4f-4428-a54c-80f3221f7766,a494c538-2006-42c8-abb7-99e6892d3042,Restablecer contraseña Quiter a Karina Díaz  ,06d62384-793f-4823-ae2e-f933e24fe906,MEDIA,WHATSAPP
115,Usuario 3CX para Karina Diaz y Gabriela Parra,Cerrado,2026-03-25 12:00,14288d04-6d4f-4428-a54c-80f3221f7766,d668000c-da87-4bd2-9a6f-2b1aceed3e56,La señorita Karina y Gaby necesitan una extencion para recibir llamadas a clientes.,06d62384-793f-4823-ae2e-f933e24fe906,MEDIA,WHATSAPP
194,Detalle con lector de huella,Cerrado,2026-04-24 13:04,37e83f37-b09f-4a8e-8971-b7a908736f91,e8a85678-13b0-4977-b0cb-5255f43ab9c7,"El lector de huella que da acceso al área administrativa tiene fallos al reconocer las huellas de los demás, al tercer intento ya reconoce la huella, pueden checarlo por favor.",06d62384-793f-4823-ae2e-f933e24fe906,MEDIA,WHATSAPP
483,Nuevo personal de ventas,Cerrado,2026-07-07 12:00,37e83f37-b09f-4a8e-8971-b7a908736f91,b81e6e79-52ad-4d29-9ff8-ca739cbe2e1c,"Ingresó un nuevo elemento a la empresa en el área de Ventas Chilpancingo y requiere de las credenciales de las siguientes plataformas:

 	* Correo.
 	* Quiter.
 	* Dealer Daily.
 	* Control Chilpancingo.",06d62384-793f-4823-ae2e-f933e24fe906,MEDIA,WHATSAPP
263,ClickUp,Cerrado,2026-05-16 13:58,37e83f37-b09f-4a8e-8971-b7a908736f91,b81e6e79-52ad-4d29-9ff8-ca739cbe2e1c,"Buenas tardes, me podrían apoyar creando usuarios a las personas que les mencionaré a continuación en la plataforma ClickUp.

 	* Raymundo Martínez
 	* Bogar Méndez
 	* Diana Victorino
 	* Patricia Nava
 	* Laura Elizalde
 	* Pablo Marín
 	* Lucia Mendoza
 	* Imiltzer Gurrusquieta
 	* Ángel Ocaña
 	* Gabriela Parra
 	* Leilani Esquivel
 	* Ulysses Molina
 	* Claudia Herrera",06d62384-793f-4823-ae2e-f933e24fe906,MEDIA,WHATSAPP
504,Usuarios 3CX,Cerrado,2026-07-13 12:00,37e83f37-b09f-4a8e-8971-b7a908736f91,d668000c-da87-4bd2-9a6f-2b1aceed3e56,"Crear nuevos usuarios para el personal de ventas:

 	* Aarón Oliva
 	* Guadalupe Urivio ",06d62384-793f-4823-ae2e-f933e24fe906,MEDIA,WHATSAPP
568,Nuevo correo electrónico,Cerrado,2026-07-29 11:41,37e83f37-b09f-4a8e-8971-b7a908736f91,06aa988c-5049-4b52-a6a4-d5d22d305062,Nuevo correo electrónico al nuevo usuario de autolavado.,06d62384-793f-4823-ae2e-f933e24fe906,MEDIA,WHATSAPP
421,Nuevo registro de correo,Cerrado,2026-06-23 12:45,37e83f37-b09f-4a8e-8971-b7a908736f91,06aa988c-5049-4b52-a6a4-d5d22d305062,Crear nuevo correo para el usuario de autolavado.,06d62384-793f-4823-ae2e-f933e24fe906,MEDIA,WHATSAPP
188,Actualizar contraseña Dealer,Cerrado,2026-04-22 13:32,37e83f37-b09f-4a8e-8971-b7a908736f91,1d314185-1a17-41c7-959b-bcb188a5dba7,"Se requiere establecer la contraseña a Alfonso Collada en su perfil de Dealer, no puede acceder",06d62384-793f-4823-ae2e-f933e24fe906,MEDIA,WHATSAPP
572,Campo habilitados en Quiter,Cerrado,2026-07-29 16:53,37e83f37-b09f-4a8e-8971-b7a908736f91,a494c538-2006-42c8-abb7-99e6892d3042,Habilitar el campo AV VENTAS ALMACEN al usuario Carlos Domínguez.,06d62384-793f-4823-ae2e-f933e24fe906,MEDIA,WHATSAPP
304,Capacitacion de Quiter,Cerrado,2026-05-13 10:32,37e83f37-b09f-4a8e-8971-b7a908736f91,a494c538-2006-42c8-abb7-99e6892d3042,"Capacitación para Guadalupe Ometepec para el uso de Quiter:
-Agregar Oferta

-Agregar Pedido

-Agregar Cuenta personal

  

  

 

 
 ",06d62384-793f-4823-ae2e-f933e24fe906,MEDIA,WHATSAPP
38,Agregar Colonia,Cerrado,2026-03-05 12:00,37e83f37-b09f-4a8e-8971-b7a908736f91,a494c538-2006-42c8-abb7-99e6892d3042,Agregar la colonia HACIENDA BILBAO cp 21254,06d62384-793f-4823-ae2e-f933e24fe906,MEDIA,WHATSAPP
595,Hoja atascada en impresora,Cerrado,2026-08-05 12:00,d2648a70-1f80-4fbc-a092-27623fe64be4,95717a85-3c2a-409f-9f9e-237db83aed01,Hoja atascada en impresora del gerente de ventas.,06d62384-793f-4823-ae2e-f933e24fe906,MEDIA,WHATSAPP
424,Impresora no responde,Cerrado,2026-06-22 12:00,d2648a70-1f80-4fbc-a092-27623fe64be4,95717a85-3c2a-409f-9f9e-237db83aed01,Al momento de imprimir la impresora no detecta la petición.,06d62384-793f-4823-ae2e-f933e24fe906,MEDIA,WHATSAPP
385,Tinta azul para impresora Gerente de ventas,Cerrado,2026-06-17 17:22,d2648a70-1f80-4fbc-a092-27623fe64be4,95717a85-3c2a-409f-9f9e-237db83aed01,Solicitan tinta azul para la impresora de la gerente de ventas.,06d62384-793f-4823-ae2e-f933e24fe906,MEDIA,WHATSAPP
374,Cambio de impresora,Cerrado,2026-06-15 18:08,d2648a70-1f80-4fbc-a092-27623fe64be4,95717a85-3c2a-409f-9f9e-237db83aed01,Cambio de impresora para la gerente de ventas.,06d62384-793f-4823-ae2e-f933e24fe906,MEDIA,WHATSAPP
455,No reconocimiento de red en equipos de computo.,Cerrado,2026-06-29 11:16,d2648a70-1f80-4fbc-a092-27623fe64be4,cd7fcce8-b88c-4d12-be9e-bb3e391c4b82,"Usuarios con dificultades de conexión de red:

 	* Laura Elizalde (Gerente en ventas)
 	* Karina Díaz (Vendedor)
 	* Jose Antonio Cortes (Vendedor)
 	* Antonio Castillo (Vendedor)
 	* Patricia Manzo (Vendedor)
 	* Edil Pelaez (Administrativo de Ventas)",06d62384-793f-4823-ae2e-f933e24fe906,MEDIA,WHATSAPP
154,Teléfono no se escucha,Cerrado,2026-04-13 12:00,d2648a70-1f80-4fbc-a092-27623fe64be4,adcf7bdd-7901-4901-bc10-10a64870cc56,Me comentan que me están haciendo llamadas desde mi teléfono IP pero no me llegan las llamadas o no me las notifica,06d62384-793f-4823-ae2e-f933e24fe906,MEDIA,WHATSAPP
269,Corrección de documento para subir en Bóveda,Cerrado,2026-05-20 12:00,d2648a70-1f80-4fbc-a092-27623fe64be4,64bf87a9-74df-414c-997e-501faff5b8f9,"No me deja subir un documento, dice que el CP o el nombre están incorrectos",06d62384-793f-4823-ae2e-f933e24fe906,MEDIA,WHATSAPP
348,Archivos corrompidos.,Cerrado,2026-06-04 17:05,d2648a70-1f80-4fbc-a092-27623fe64be4,06aa988c-5049-4b52-a6a4-d5d22d305062,Los correos con los archivos adjuntos que se enviaron a la señorita Laura llegaron corrompidos.,06d62384-793f-4823-ae2e-f933e24fe906,MEDIA,WHATSAPP
377,Ajustes en usuarios de Dealer Daily,Cerrado,2026-06-16 12:00,d2648a70-1f80-4fbc-a092-27623fe64be4,1d314185-1a17-41c7-959b-bcb188a5dba7,Quitar a los usuarios que tengan permisos de más.,06d62384-793f-4823-ae2e-f933e24fe906,MEDIA,WHATSAPP
166,Permisos de Dealer,Cerrado,2026-04-14 19:16,d2648a70-1f80-4fbc-a092-27623fe64be4,1d314185-1a17-41c7-959b-bcb188a5dba7,Agregar permisos de Vehiculos en Dealer,06d62384-793f-4823-ae2e-f933e24fe906,MEDIA,WHATSAPP
662,error al abrir archivo de excel,Cerrado,2026-08-11 12:00,d2648a70-1f80-4fbc-a092-27623fe64be4,68a65a63-f86b-4e69-b1e0-7ac1d7e9b373,aparece una advertencia de riesgo de seguridad,06d62384-793f-4823-ae2e-f933e24fe906,MEDIA,WHATSAPP
473,Carpeta no se sincroniza,Cerrado,2026-07-03 17:51,d2648a70-1f80-4fbc-a092-27623fe64be4,68a65a63-f86b-4e69-b1e0-7ac1d7e9b373,"La carpeta de OneDrive no logra sincronizarse, ya se realizó varios cambios en un documento de Excel y no deja proceder para mandar reportes.",06d62384-793f-4823-ae2e-f933e24fe906,MEDIA,WHATSAPP
155,Excel opción de Casillas,Cerrado,2026-04-13 12:00,d2648a70-1f80-4fbc-a092-27623fe64be4,68a65a63-f86b-4e69-b1e0-7ac1d7e9b373,"La opción de casillas en Excel está deshabilitado, por favor me apoyan ",06d62384-793f-4823-ae2e-f933e24fe906,MEDIA,WHATSAPP
280,Cuenta de Tableau Bloqueada,Cerrado,2026-04-11 11:16,d2648a70-1f80-4fbc-a092-27623fe64be4,ea7dbf31-c09d-48be-9dff-31049b8ce150,La cuenta se bloqueó por varios intentos,06d62384-793f-4823-ae2e-f933e24fe906,MEDIA,WHATSAPP
468,Fallo al conectarse a internet,Cerrado,2026-07-02 18:41,873262b2-6a1b-4fdd-b724-2c2f26cb09e9,cd7fcce8-b88c-4d12-be9e-bb3e391c4b82,La PC no puede conectarse a ninguna red de la agencia.,06d62384-793f-4823-ae2e-f933e24fe906,MEDIA,WHATSAPP
383,Mouse no responde,Cerrado,2026-06-17 13:20,873262b2-6a1b-4fdd-b724-2c2f26cb09e9,cd7fcce8-b88c-4d12-be9e-bb3e391c4b82,La PC no detecta el mouse.,06d62384-793f-4823-ae2e-f933e24fe906,MEDIA,WHATSAPP
191,PC no enciende,Cerrado,2026-04-24 11:40,873262b2-6a1b-4fdd-b724-2c2f26cb09e9,cd7fcce8-b88c-4d12-be9e-bb3e391c4b82,Trato de encender mi PC pero no da imagen,06d62384-793f-4823-ae2e-f933e24fe906,MEDIA,WHATSAPP
20,Desbloqueo de cuenta Windows,Cerrado,2026-03-03 13:20,873262b2-6a1b-4fdd-b724-2c2f26cb09e9,b81e6e79-52ad-4d29-9ff8-ca739cbe2e1c,La cuenta se bloqueó por varios intentos de contraseña incorrecta,06d62384-793f-4823-ae2e-f933e24fe906,MEDIA,WHATSAPP
532,Actualizar contraseña Dealer Daily,Cerrado,2026-07-21 10:22,78cb86bf-297f-462c-9502-91e8d6138138,1d314185-1a17-41c7-959b-bcb188a5dba7,Los usuarios del área de citas no pueden acceder a la plataforma de TIS por contraseña inhabilitada.,06d62384-793f-4823-ae2e-f933e24fe906,MEDIA,WHATSAPP
524,Alta de correo en impresora,Cerrado,2026-07-16 12:00,74a7270b-2038-41e7-8b08-b319edf83155,95717a85-3c2a-409f-9f9e-237db83aed01,Dar de alta a la solicitante en la impresora de ventas Chilpancingo con su correo de la empresa.,06d62384-793f-4823-ae2e-f933e24fe906,MEDIA,WHATSAPP
613,Telegram ID,Cerrado,2026-08-11 12:00,74a7270b-2038-41e7-8b08-b319edf83155,64bf87a9-74df-414c-997e-501faff5b8f9,Colocar el ID de Telegram en la plataforma de CONTROL.,06d62384-793f-4823-ae2e-f933e24fe906,MEDIA,WHATSAPP
648,Quiter bloqueado,Cerrado,2026-08-19 16:17,74a7270b-2038-41e7-8b08-b319edf83155,a494c538-2006-42c8-abb7-99e6892d3042,"Al acceder a Quiter, aparece un anuncio en donde el programa ha sido bloqueado, e impide acceder al usuario.",06d62384-793f-4823-ae2e-f933e24fe906,MEDIA,WHATSAPP
612,Celdas en orden de pago se encuentran vacías,Cerrado,2026-08-11 12:00,74a7270b-2038-41e7-8b08-b319edf83155,a494c538-2006-42c8-abb7-99e6892d3042,Al generar una orden de pago en el documento PDF las celdas se encuentran vacías.,06d62384-793f-4823-ae2e-f933e24fe906,MEDIA,WHATSAPP
536,Error al guardar orden,Cerrado,2026-07-21 12:00,74a7270b-2038-41e7-8b08-b319edf83155,a494c538-2006-42c8-abb7-99e6892d3042,"Al realizar el guardado de la orden aparece un aviso, El campo Puesto es obligatorio y no deja proceder con la actividad.",06d62384-793f-4823-ae2e-f933e24fe906,MEDIA,WHATSAPP
186,Alta de usuario en Control Bóveda,Cerrado,2026-04-21 16:36,6dd682e7-079c-4f0e-ae52-b4e347b2c2b6,64bf87a9-74df-414c-997e-501faff5b8f9,"Buenas tardes, quisiera que me dieran de alta en la pagina de Bóveda Acapulco, solamente cuento con mi usuario de Chilpancingo y necesito una de Acapulco para facturar un auto seminuevo.",06d62384-793f-4823-ae2e-f933e24fe906,MEDIA,WHATSAPP
150,Actualizar carpeta compartida,Cerrado,2026-04-08 12:00,a46a16b1-9763-44de-94e3-661850b433ef,20e62295-6c41-4fc3-b1e0-849f1fcd8238,"Quiero que actualices la carpeta compartida cambiandole el nombre a ""Ventas"" y que añadas a Edil y a Viahitari",06d62384-793f-4823-ae2e-f933e24fe906,MEDIA,WHATSAPP
505,Impresora desconectada,Cerrado,2026-07-13 12:00,a46a16b1-9763-44de-94e3-661850b433ef,95717a85-3c2a-409f-9f9e-237db83aed01,La impresora personal de la asistente de ventas se encuentra sin conexión y no puede realizar las impresiones.,06d62384-793f-4823-ae2e-f933e24fe906,MEDIA,WHATSAPP
465,Impresora fuera de conexión,Cerrado,2026-07-01 18:01,a46a16b1-9763-44de-94e3-661850b433ef,95717a85-3c2a-409f-9f9e-237db83aed01,"La impresora personal del usuario se encuentra sin conexión, lo cual no se puede realizar ninguna impresión.",06d62384-793f-4823-ae2e-f933e24fe906,MEDIA,WHATSAPP
427,Limpieza de cristal en impresora,Cerrado,2026-06-25 10:59,a46a16b1-9763-44de-94e3-661850b433ef,95717a85-3c2a-409f-9f9e-237db83aed01,"La impresora de Ventas tiene una ralla en el cristal, lo que ocasiona que las copias escaneadas aparezcan una ralla en todos los documentos.",06d62384-793f-4823-ae2e-f933e24fe906,MEDIA,WHATSAPP
275,Fallo de impresión,Cerrado,2026-05-22 18:45,a46a16b1-9763-44de-94e3-661850b433ef,95717a85-3c2a-409f-9f9e-237db83aed01,"La impresora me pone que debo cargar hojas tamaño oficio, pero los documentos que envío son en carta, por favor me apoyan.",06d62384-793f-4823-ae2e-f933e24fe906,MEDIA,WHATSAPP
120,Impresora atascada,Cerrado,2026-03-30 12:00,a46a16b1-9763-44de-94e3-661850b433ef,95717a85-3c2a-409f-9f9e-237db83aed01,"Solicito de su ayuda al arreglar la impresora, ya que se atoró una oja por dentro y tenemos que imprimir documentos",06d62384-793f-4823-ae2e-f933e24fe906,MEDIA,WHATSAPP
131,Descargar XML,Cerrado,2026-04-09 12:00,a46a16b1-9763-44de-94e3-661850b433ef,b81e6e79-52ad-4d29-9ff8-ca739cbe2e1c,No puedo descargar un XML en quiter,06d62384-793f-4823-ae2e-f933e24fe906,MEDIA,WHATSAPP
23,Restablecer contraseñas a usuarios de Nextcloud,Cerrado,2026-03-03 12:00,a46a16b1-9763-44de-94e3-661850b433ef,b81e6e79-52ad-4d29-9ff8-ca739cbe2e1c,Se requiere restablecer las contraseñas de los usuarios lelizalde y afernandez para dar acceso a NextCloud,06d62384-793f-4823-ae2e-f933e24fe906,MEDIA,WHATSAPP
21,Carpeta compartida Autos nuevos,Cerrado,2026-03-03 12:00,a46a16b1-9763-44de-94e3-661850b433ef,b81e6e79-52ad-4d29-9ff8-ca739cbe2e1c,Se solicita una carpeta compartida a Laura Elizalde y Abigail Fernández directo desde la plataforma NextCloud,06d62384-793f-4823-ae2e-f933e24fe906,MEDIA,WHATSAPP
143,Factura no visualizada,Cerrado,2026-04-13 12:00,a46a16b1-9763-44de-94e3-661850b433ef,64bf87a9-74df-414c-997e-501faff5b8f9,No puedo ver la factura FNUA-13770 dentro de la bóveda,06d62384-793f-4823-ae2e-f933e24fe906,MEDIA,WHATSAPP
86,Problemas al mostrar recibo en la pagina de la bóveda,Cerrado,2026-03-17 17:16,a46a16b1-9763-44de-94e3-661850b433ef,64bf87a9-74df-414c-997e-501faff5b8f9,"No me deja ver el PDF de la factura, esto lo tengo que hacer para corroborar de que todo esté en orden y asegurarme de que se subió correctamente",06d62384-793f-4823-ae2e-f933e24fe906,MEDIA,WHATSAPP
85,Problemas al acceder a pagina de bóveda,Cerrado,2026-03-17 10:58,a46a16b1-9763-44de-94e3-661850b433ef,64bf87a9-74df-414c-997e-501faff5b8f9,"HOLA BUEN DIA, INTENTO INGRESAR A BOVEDA Y NO ME PERMITE",06d62384-793f-4823-ae2e-f933e24fe906,MEDIA,WHATSAPP
218,Error al facturar venta,Cerrado,2026-04-27 16:42,a46a16b1-9763-44de-94e3-661850b433ef,a494c538-2006-42c8-abb7-99e6892d3042,El cliente esta registrado 2 veces ,06d62384-793f-4823-ae2e-f933e24fe906,MEDIA,WHATSAPP
217,Error al timbrar venta de vehiculo nuevo,Cerrado,2026-04-22 16:55,a46a16b1-9763-44de-94e3-661850b433ef,a494c538-2006-42c8-abb7-99e6892d3042,Al timbrar un vehículo nuevo sale el siguiente error: Este RFC del receptor no existe en la liste de RFC ,06d62384-793f-4823-ae2e-f933e24fe906,MEDIA,WHATSAPP
162,Descargar XML y PDF,Cerrado,2026-04-14 14:33,a46a16b1-9763-44de-94e3-661850b433ef,a494c538-2006-42c8-abb7-99e6892d3042,"Hola buenas tardes, si me podrían apoyar descargando un XML y PDF de Quiter por favor",06d62384-793f-4823-ae2e-f933e24fe906,MEDIA,WHATSAPP
13,QBrowser de quiter no funciona,Cerrado,2026-03-02 16:38,a46a16b1-9763-44de-94e3-661850b433ef,a494c538-2006-42c8-abb7-99e6892d3042,Cuando abren un archivo adjunto se queda en negro la pantalla,06d62384-793f-4823-ae2e-f933e24fe906,MEDIA,WHATSAPP
315,Actualizar contraseña de Dealer,Cerrado,2026-05-26 18:15,1d059461-8206-4a6c-aaaf-97a783e9da1a,1d314185-1a17-41c7-959b-bcb188a5dba7,Restablecer la contraseña del usuario FLORESN10 en Dealer,06d62384-793f-4823-ae2e-f933e24fe906,MEDIA,WHATSAPP
357,Grabación 3CX,Cerrado,2026-06-11 09:59,65987ae2-f214-492a-89ec-68a5650233af,d668000c-da87-4bd2-9a6f-2b1aceed3e56,Solicitan una grabación del día de ayer a las 11:20 AM,06d62384-793f-4823-ae2e-f933e24fe906,MEDIA,WHATSAPP
246,Fallo en transferir llamadas,Cerrado,2026-05-07 12:08,65987ae2-f214-492a-89ec-68a5650233af,d668000c-da87-4bd2-9a6f-2b1aceed3e56,"Buenas tardes, quisiera que me apoyasen con mi aplicativo 3CX no me deja transferir llamadas a mis compañeras de trabajo.",06d62384-793f-4823-ae2e-f933e24fe906,MEDIA,WHATSAPP
192,Fallo de audio 3CX,Cerrado,2026-04-23 12:00,65987ae2-f214-492a-89ec-68a5650233af,d668000c-da87-4bd2-9a6f-2b1aceed3e56,Al momento de hacer llamadas a los clientes me dicen que me escuchan entra cortado y con interferencia.,06d62384-793f-4823-ae2e-f933e24fe906,MEDIA,WHATSAPP
475,Actualización de contraseña Dealer Daily,Cerrado,2026-07-06 09:21,65987ae2-f214-492a-89ec-68a5650233af,1d314185-1a17-41c7-959b-bcb188a5dba7,"Actualizar la contraseña al usuario solicitante, ya que expira dentro de 4 días (10 de Julio del 2026).",06d62384-793f-4823-ae2e-f933e24fe906,MEDIA,WHATSAPP
117,Restablecer contraseña Quiter,Cerrado,2026-03-28 12:00,65987ae2-f214-492a-89ec-68a5650233af,a494c538-2006-42c8-abb7-99e6892d3042,"Hola buenos dias, necesito que me restablescan la contraseña de Quite, quiero ingresar con mi contraseña actual y no me deja",06d62384-793f-4823-ae2e-f933e24fe906,MEDIA,WHATSAPP
506,Impresora deja marcas al imprimir,Cerrado,2026-07-13 12:00,98aa16e2-270d-4eef-a7bb-1822554a81dd,95717a85-3c2a-409f-9f9e-237db83aed01,"Al realizar una impresión con un formato pre impreso, el logo del formato se queda marcado por toda la hoja.",06d62384-793f-4823-ae2e-f933e24fe906,MEDIA,WHATSAPP
331,Cambio de tóner a impresora de Seminuevos,Cerrado,2026-05-30 14:10,98aa16e2-270d-4eef-a7bb-1822554a81dd,95717a85-3c2a-409f-9f9e-237db83aed01,Cambiar tóner a impresora HP LaserJet en Seminuevos.,06d62384-793f-4823-ae2e-f933e24fe906,MEDIA,WHATSAPP
247,Cambio de tóner a impresora de Seminuevos y adaptador USB,Cerrado,2026-05-08 14:25,98aa16e2-270d-4eef-a7bb-1822554a81dd,95717a85-3c2a-409f-9f9e-237db83aed01,"Buenas tardes compañeros, necesito que me cambien el tóner de la impresora que me hicieron entrega el día de ayer 8 de Mayo porque los documentos ya salen con poca tinta y también necesito de un nuevo adaptador de USB para que pueda conectar más dispositivos.",06d62384-793f-4823-ae2e-f933e24fe906,MEDIA,WHATSAPP
244,Sustitución de impresora,Cerrado,2026-05-06 12:00,98aa16e2-270d-4eef-a7bb-1822554a81dd,95717a85-3c2a-409f-9f9e-237db83aed01,"Hola buenos días, necesito que me apoyen con mi impresora, me sigue imprimiendo mal los documentos, mas a parte de eso salen manchadas de tinta, por favor pueden checar mi impresora.",06d62384-793f-4823-ae2e-f933e24fe906,MEDIA,WHATSAPP
113,Limpieza de impresora,Cerrado,2026-03-25 12:00,98aa16e2-270d-4eef-a7bb-1822554a81dd,95717a85-3c2a-409f-9f9e-237db83aed01,"Buenos días, necesito de su ayuda, mi impresora sigue sacando copias con una raya negra en el borde de los documentos y no puedo entregar las facturas en ese estado.",06d62384-793f-4823-ae2e-f933e24fe906,MEDIA,WHATSAPP
68,Cambio de tóner para impresora HP seminuevos,Cerrado,2026-03-10 12:00,98aa16e2-270d-4eef-a7bb-1822554a81dd,95717a85-3c2a-409f-9f9e-237db83aed01,Requiero de un cambio de tóner ya que el que tengo sale con una raya en cada documento que imprimo,06d62384-793f-4823-ae2e-f933e24fe906,MEDIA,WHATSAPP
49,Impresora HP desconectada,Cerrado,2026-03-07 12:00,98aa16e2-270d-4eef-a7bb-1822554a81dd,95717a85-3c2a-409f-9f9e-237db83aed01,"Mi impresora HP no imprime ni me deja escanear, me encuentro en el área de seminuevos",06d62384-793f-4823-ae2e-f933e24fe906,MEDIA,WHATSAPP
675,No se puede generar el contrarecibo,Cerrado,2026-08-24 12:00,98aa16e2-270d-4eef-a7bb-1822554a81dd,64bf87a9-74df-414c-997e-501faff5b8f9,Se queda cargando y no genera el contrarecibo,06d62384-793f-4823-ae2e-f933e24fe906,MEDIA,WHATSAPP
674,Agregar Nueva Linea de Seminuevo,Cerrado,2026-08-21 12:00,98aa16e2-270d-4eef-a7bb-1822554a81dd,a494c538-2006-42c8-abb7-99e6892d3042,Agregar la linea NUEVO TIGUAN de la marca VOLKSWAGEN,06d62384-793f-4823-ae2e-f933e24fe906,MEDIA,WHATSAPP
673,Agregar Nueva Linea de Seminuevo,Cerrado,2026-08-06 12:00,98aa16e2-270d-4eef-a7bb-1822554a81dd,a494c538-2006-42c8-abb7-99e6892d3042,Agregar la linea HB20 de la marca Hyundai,06d62384-793f-4823-ae2e-f933e24fe906,MEDIA,WHATSAPP
649,Cambio de clave,Cerrado,2026-08-19 17:03,98aa16e2-270d-4eef-a7bb-1822554a81dd,a494c538-2006-42c8-abb7-99e6892d3042,"Cambio de clave de producto en Seminuevos con referencia: ""29692511"".",06d62384-793f-4823-ae2e-f933e24fe906,MEDIA,WHATSAPP
577,Cambio de clave de producto,Cerrado,2026-07-30 12:00,98aa16e2-270d-4eef-a7bb-1822554a81dd,a494c538-2006-42c8-abb7-99e6892d3042,Referencia: 29668279.,06d62384-793f-4823-ae2e-f933e24fe906,MEDIA,WHATSAPP
546,Editar código de producto,Cerrado,2026-07-24 12:00,98aa16e2-270d-4eef-a7bb-1822554a81dd,a494c538-2006-42c8-abb7-99e6892d3042,Editar la clave de un producto con la referencia: 29651591,06d62384-793f-4823-ae2e-f933e24fe906,MEDIA,WHATSAPP
490,Cambio de clave de producto,Cerrado,2026-07-09 17:23,98aa16e2-270d-4eef-a7bb-1822554a81dd,a494c538-2006-42c8-abb7-99e6892d3042,"Cambio de clave de producto, REF 29614340.",06d62384-793f-4823-ae2e-f933e24fe906,MEDIA,WHATSAPP
463,Verificación de vale,Cerrado,2026-07-01 12:54,98aa16e2-270d-4eef-a7bb-1822554a81dd,a494c538-2006-42c8-abb7-99e6892d3042,"Hay una factura con un vale, pero quieren verificar si el vale tiene o no saldo.",06d62384-793f-4823-ae2e-f933e24fe906,MEDIA,WHATSAPP
453,Error al timbrar factura Seminuevos,Cerrado,2026-06-27 17:42,98aa16e2-270d-4eef-a7bb-1822554a81dd,a494c538-2006-42c8-abb7-99e6892d3042,"Al timbrar una factura de Seminuevos aparece un error de Repuve 

Referencia 29586740

Repuve: R78TB4M0",06d62384-793f-4823-ae2e-f933e24fe906,MEDIA,WHATSAPP
452,Cancelar Vale,Cerrado,2026-06-18 12:44,98aa16e2-270d-4eef-a7bb-1822554a81dd,a494c538-2006-42c8-abb7-99e6892d3042,Realizar abono del Vale V201871,06d62384-793f-4823-ae2e-f933e24fe906,MEDIA,WHATSAPP
384,Cambio de clave de producto,Cerrado,2026-06-17 13:25,98aa16e2-270d-4eef-a7bb-1822554a81dd,a494c538-2006-42c8-abb7-99e6892d3042,Referencia del producto 29570822.,06d62384-793f-4823-ae2e-f933e24fe906,MEDIA,WHATSAPP
219,Agregar Linea TAIGUN de la marca VW,Cerrado,2026-04-24 09:40,98aa16e2-270d-4eef-a7bb-1822554a81dd,a494c538-2006-42c8-abb7-99e6892d3042,Registrar la linea Taigun para la venta de seminuevos,06d62384-793f-4823-ae2e-f933e24fe906,MEDIA,WHATSAPP
310,Fallo al cerrar ordenes en Quiter,Cerrado,2026-05-27 12:00,6dd682e7-079c-4f0e-ae52-b4e347b2c2b6,a494c538-2006-42c8-abb7-99e6892d3042,las ordenes 29442150 y 29522950 no pueden cerrarse en Quiter porque el costo medio no es exacto al costo actual,06d62384-793f-4823-ae2e-f933e24fe906,MEDIA,WHATSAPP
181,Corrección de huella,Cerrado,2026-04-20 09:50,06d62384-793f-4823-ae2e-f933e24fe906,e8a85678-13b0-4977-b0cb-5255f43ab9c7,Se tiene que eliminar al usuario 149 dentro de la maquina de registro de huella y agregar su huella al usuario correspondiente,06d62384-793f-4823-ae2e-f933e24fe906,MEDIA,WHATSAPP
479,Impresora no imprime,Cerrado,2026-07-07 12:00,06d62384-793f-4823-ae2e-f933e24fe906,95717a85-3c2a-409f-9f9e-237db83aed01,Al querer imprimir un documento la impresora arroja un mensaje de que se cambie de hoja por la que contiene en la charola.,06d62384-793f-4823-ae2e-f933e24fe906,MEDIA,WHATSAPP
380,Impresora no imprime,Cerrado,2026-06-17 12:39,06d62384-793f-4823-ae2e-f933e24fe906,95717a85-3c2a-409f-9f9e-237db83aed01,"Al querer imprimir un documento, la impresora no responde.",06d62384-793f-4823-ae2e-f933e24fe906,MEDIA,WHATSAPP
474,Hoja atascada en impresora,Cerrado,2026-07-04 11:52,513212b3-e9dd-4072-87e0-c6c8513c95c3,95717a85-3c2a-409f-9f9e-237db83aed01,Hoja atascada en impresora de Seminuevos.,06d62384-793f-4823-ae2e-f933e24fe906,MEDIA,WHATSAPP
239,Fallo Acrobat,Cerrado,2026-05-05 10:27,513212b3-e9dd-4072-87e0-c6c8513c95c3,b81e6e79-52ad-4d29-9ff8-ca739cbe2e1c,"Buenos días compañeros necesito de su ayuda, los documentos en PDF tardan en abrirse y hasta ni llegan a abrirse como tal, tampoco me permite imprimir cualquier documento.",06d62384-793f-4823-ae2e-f933e24fe906,MEDIA,WHATSAPP
210,Error al subir el pedido en la pagina Control,Cerrado,2026-04-22 12:16,513212b3-e9dd-4072-87e0-c6c8513c95c3,64bf87a9-74df-414c-997e-501faff5b8f9,"Al subir los documentos, el sistema rechaza el pedido por que no reconoce la razon social",06d62384-793f-4823-ae2e-f933e24fe906,MEDIA,WHATSAPP
40,Localizar factura,Cerrado,2026-03-06 12:00,513212b3-e9dd-4072-87e0-c6c8513c95c3,64bf87a9-74df-414c-997e-501faff5b8f9,No encuentro dentro de mis registros a Josué Blanco Sedeño en la pagina de la bóveda para dar seguimiento a mi labor.,06d62384-793f-4823-ae2e-f933e24fe906,MEDIA,WHATSAPP
291,Restablecer contraseña Dealer Daily,Cerrado,2026-05-26 16:30,513212b3-e9dd-4072-87e0-c6c8513c95c3,1d314185-1a17-41c7-959b-bcb188a5dba7,"Buenas tardes, me podrían apoyar restableciendo la contraseña de mi perfil de Dealer Daily por favor.",06d62384-793f-4823-ae2e-f933e24fe906,MEDIA,WHATSAPP
614,Edición de datos en Quiter,Cerrado,2026-08-11 12:00,513212b3-e9dd-4072-87e0-c6c8513c95c3,a494c538-2006-42c8-abb7-99e6892d3042,Editar los datos del cliente en Quiter.,06d62384-793f-4823-ae2e-f933e24fe906,MEDIA,WHATSAPP
43,Alta a usuario,Cerrado,2026-03-06 12:00,513212b3-e9dd-4072-87e0-c6c8513c95c3,a494c538-2006-42c8-abb7-99e6892d3042,ayudame porfas quiero dar de alta un cliente pero no me deja avanzar por que según está repetido 178500/287580,06d62384-793f-4823-ae2e-f933e24fe906,MEDIA,WHATSAPP
477,Retiro de aparatos biométricos,Cerrado,2026-07-06 12:00,8a35ccfc-0b7b-498c-a7a5-9db3310b9a54,e8a85678-13b0-4977-b0cb-5255f43ab9c7,Retirar los aparatos biométricos en el área de Financiamiento.,06d62384-793f-4823-ae2e-f933e24fe906,MEDIA,WHATSAPP
567,Impresora no enciende,Cerrado,2026-07-28 12:00,8a35ccfc-0b7b-498c-a7a5-9db3310b9a54,95717a85-3c2a-409f-9f9e-237db83aed01,La impresora de Financiamiento no enciende.,06d62384-793f-4823-ae2e-f933e24fe906,MEDIA,WHATSAPP
209,Impresora de Financiamiento no manda los escaneos,Cerrado,2026-04-16 16:19,8a35ccfc-0b7b-498c-a7a5-9db3310b9a54,95717a85-3c2a-409f-9f9e-237db83aed01,Al escanear no llega el archivo al correo,06d62384-793f-4823-ae2e-f933e24fe906,MEDIA,WHATSAPP
182,Hoja atascada en impresora,Cerrado,2026-04-20 13:24,8a35ccfc-0b7b-498c-a7a5-9db3310b9a54,95717a85-3c2a-409f-9f9e-237db83aed01,Se volvió a atascar una hoja en la impresora en Financiamiento.,06d62384-793f-4823-ae2e-f933e24fe906,MEDIA,WHATSAPP
180,Impresora atascada,Cerrado,2026-04-18 10:54,8a35ccfc-0b7b-498c-a7a5-9db3310b9a54,95717a85-3c2a-409f-9f9e-237db83aed01,"Me podrían ayudar con la impresora, se atascaron las hojas no para de sacar hojas.",06d62384-793f-4823-ae2e-f933e24fe906,MEDIA,WHATSAPP
18,Directorio de escaneo,Cerrado,2026-03-03 15:30,8a35ccfc-0b7b-498c-a7a5-9db3310b9a54,95717a85-3c2a-409f-9f9e-237db83aed01,Agregar a gparra@toyotaguerrero.com.mx a la libreta de direcciones en la impresora B/N de refacciones ,06d62384-793f-4823-ae2e-f933e24fe906,MEDIA,WHATSAPP
75,Cableado estructurado e instalación de teléfono IP,Cerrado,2026-02-19 13:00,8a35ccfc-0b7b-498c-a7a5-9db3310b9a54,adcf7bdd-7901-4901-bc10-10a64870cc56,"Buenos días, requiero de una línea telefónica personal, ya que con eso podré hacer y recibir llamadas por parte de mis clientes y compañeros de trabajo ",06d62384-793f-4823-ae2e-f933e24fe906,MEDIA,WHATSAPP
601,Adobe se alenta,Cerrado,2026-08-07 11:59,8a35ccfc-0b7b-498c-a7a5-9db3310b9a54,b81e6e79-52ad-4d29-9ff8-ca739cbe2e1c,"Al editar un documento, adobe se alenta al scrollear (Subir y bajar).",06d62384-793f-4823-ae2e-f933e24fe906,MEDIA,WHATSAPP
580,Adobe se realentiza,Cerrado,2026-08-05 11:45,8a35ccfc-0b7b-498c-a7a5-9db3310b9a54,b81e6e79-52ad-4d29-9ff8-ca739cbe2e1c,Se alenta el aplicativo de Adobe.,06d62384-793f-4823-ae2e-f933e24fe906,MEDIA,WHATSAPP
530,Comprimir documentos PDF,Cerrado,2026-07-20 17:19,8a35ccfc-0b7b-498c-a7a5-9db3310b9a54,b81e6e79-52ad-4d29-9ff8-ca739cbe2e1c,"Disminuir el peso de los documentos solicitados, ya que al subirlos a la plataforma rechaza los documentos porque el peso del mismo es mayor al recomendado.",06d62384-793f-4823-ae2e-f933e24fe906,MEDIA,WHATSAPP
93,Concesionario bloqueado,Cerrado,2026-03-19 12:50,8a35ccfc-0b7b-498c-a7a5-9db3310b9a54,a494c538-2006-42c8-abb7-99e6892d3042,"Quiero elaborar una referencia pero en la sección de concesionaria o departamento no me aparece la sucursal de Chilpancingo, posiblemente sea porque no tenga registrado a chilpancingo ya que no uso muy habitual esa sección.",06d62384-793f-4823-ae2e-f933e24fe906,MEDIA,WHATSAPP
22,Cambio de archivo en Boveda,Cerrado,2026-03-03 13:30,9c1e335f-c966-42d0-8a16-d37d3eb18ed9,64bf87a9-74df-414c-997e-501faff5b8f9,Se subió la lista negra de un cliente equivocado,06d62384-793f-4823-ae2e-f933e24fe906,MEDIA,WHATSAPP
122,Mensaje de error en Quiter,Cerrado,2026-04-06 10:42,9c1e335f-c966-42d0-8a16-d37d3eb18ed9,a494c538-2006-42c8-abb7-99e6892d3042,"buenos días , estaba dando de alta unidades y me salió esta leyenda en quiter",06d62384-793f-4823-ae2e-f933e24fe906,MEDIA,WHATSAPP
541,Documentos no se reflejan en carpeta compartida,Cerrado,2026-07-23 16:51,b8c10ad7-8871-4fa1-a1fa-8d213d5d6382,20e62295-6c41-4fc3-b1e0-849f1fcd8238,"Los documentos a los que se hicieron correcciones no se ve reflejada al otro usuario, ya que trabajan en la misma carpeta compartida.",06d62384-793f-4823-ae2e-f933e24fe906,MEDIA,WHATSAPP
457,Evidencia audio visual,Cerrado,2026-06-29 12:00,b8c10ad7-8871-4fa1-a1fa-8d213d5d6382,adcf7bdd-7901-4901-bc10-10a64870cc56,"Requieren de evidencia audio visual de un vehículo Toyota Raize color azul el día 27/06/2026 en el área de servicio y auto lavado, esto para ver si no regresaron los tapetes que se encuentran dentro del vehículo.",06d62384-793f-4823-ae2e-f933e24fe906,MEDIA,WHATSAPP
492,Agregar correo de usuario a impresora,Cerrado,2026-07-09 17:46,b8c10ad7-8871-4fa1-a1fa-8d213d5d6382,95717a85-3c2a-409f-9f9e-237db83aed01,Agregar al usuario solicitado a la impresora que se encuentra en el área de ventas.,06d62384-793f-4823-ae2e-f933e24fe906,MEDIA,WHATSAPP
456,Laptop no reconoce la impresora,Cerrado,2026-06-29 12:00,b8c10ad7-8871-4fa1-a1fa-8d213d5d6382,95717a85-3c2a-409f-9f9e-237db83aed01,Al querer imprimir los documentos no se muestra la impresora añadida en el equipo.,06d62384-793f-4823-ae2e-f933e24fe906,MEDIA,WHATSAPP
236,Ajustes en configuración de impresora,Cerrado,2026-05-04 12:44,b8c10ad7-8871-4fa1-a1fa-8d213d5d6382,95717a85-3c2a-409f-9f9e-237db83aed01,"Buenas tardes, necesito que me apoyen configurando la impresora, ya que me sale a cada rato error al imprimir cualquier documento.",06d62384-793f-4823-ae2e-f933e24fe906,MEDIA,WHATSAPP
615,Grabaciones a numero en 3CX,Cerrado,2026-08-11 12:00,b8c10ad7-8871-4fa1-a1fa-8d213d5d6382,d668000c-da87-4bd2-9a6f-2b1aceed3e56,Solicitan grabaciones al numero: 8116847129 del mes de Julio y Agosto del presente año.,06d62384-793f-4823-ae2e-f933e24fe906,MEDIA,WHATSAPP
537,Grabaciones 3CX,Cerrado,2026-07-21 12:00,b8c10ad7-8871-4fa1-a1fa-8d213d5d6382,d668000c-da87-4bd2-9a6f-2b1aceed3e56,Solicitan grabaciones del mes presente (Julio) al numero: 7442211441,06d62384-793f-4823-ae2e-f933e24fe906,MEDIA,WHATSAPP
496,Llamada a número de cliente,Cerrado,2026-07-10 17:48,b8c10ad7-8871-4fa1-a1fa-8d213d5d6382,d668000c-da87-4bd2-9a6f-2b1aceed3e56,"Revisar quien realizó la llamada al siguiente numero: ""5552178183"".",06d62384-793f-4823-ae2e-f933e24fe906,MEDIA,WHATSAPP
173,Extension 0124 no recibe llamadas,Cerrado,2026-04-10 12:00,b8c10ad7-8871-4fa1-a1fa-8d213d5d6382,d668000c-da87-4bd2-9a6f-2b1aceed3e56,Cuando marcan a la ext 0124 la llamada se termina,06d62384-793f-4823-ae2e-f933e24fe906,MEDIA,WHATSAPP
57,Descargar Grabación Llamada,Cerrado,2026-02-14 13:36,b8c10ad7-8871-4fa1-a1fa-8d213d5d6382,d668000c-da87-4bd2-9a6f-2b1aceed3e56,Descargar Grabación de llamada del número 7421003121 a la ext 0153,06d62384-793f-4823-ae2e-f933e24fe906,MEDIA,WHATSAPP
312,Actualizar permisos en Quiter para acelestino,Cerrado,2026-05-21 12:53,b8c10ad7-8871-4fa1-a1fa-8d213d5d6382,a494c538-2006-42c8-abb7-99e6892d3042,Agregar permisos para acceder a las ordenes de chilpancingo,06d62384-793f-4823-ae2e-f933e24fe906,MEDIA,WHATSAPP
484,Impresora no imprime,Cerrado,2026-07-08 12:02,b60729c2-7e6f-4f79-84a1-55687ae2a694,95717a85-3c2a-409f-9f9e-237db83aed01,No imprimen los documentos que se mandan a la impresora.,06d62384-793f-4823-ae2e-f933e24fe906,MEDIA,WHATSAPP
130,Actualización de credenciales para Jose Guy,Cerrado,2026-04-10 12:00,b60729c2-7e6f-4f79-84a1-55687ae2a694,b81e6e79-52ad-4d29-9ff8-ca739cbe2e1c,"Hola buenos dias, requiero de una actualización de mis accesos a las diversas paginas de trabajo, Control, Dealer y sat.grupocamsa, ya que no cuento con las contraseñas de dichas paginas y requiero que se actualicen y me los compartan",06d62384-793f-4823-ae2e-f933e24fe906,MEDIA,WHATSAPP
118,Configuración integral y puesta a punto de equipo de cómputo,Cerrado,2026-03-30 13:35,b60729c2-7e6f-4f79-84a1-55687ae2a694,b81e6e79-52ad-4d29-9ff8-ca739cbe2e1c,"Buenos días, necesito que me actualicen mi cuenta de correo del trabajo, de bóveda, que me añadan una impresora a mi equipo de computo y que me instalen Quiter a mi computadora personal.",06d62384-793f-4823-ae2e-f933e24fe906,MEDIA,WHATSAPP
106,Restablecer contraseña correo,Cerrado,2026-03-20 14:05,b60729c2-7e6f-4f79-84a1-55687ae2a694,06aa988c-5049-4b52-a6a4-d5d22d305062,Restablecer la contraseña del usuario jlopez,06d62384-793f-4823-ae2e-f933e24fe906,MEDIA,WHATSAPP
441,Actualización de firma de correo,Cerrado,2026-06-26 09:33,b60729c2-7e6f-4f79-84a1-55687ae2a694,8b30ba2f-8722-4a3d-ba03-d57849a85710,Cambiar el puesto de trabajo de gerente a vendedor al solicitante.,06d62384-793f-4823-ae2e-f933e24fe906,MEDIA,WHATSAPP
436,Editar dirección de cliente,Cerrado,2026-06-25 13:49,b60729c2-7e6f-4f79-84a1-55687ae2a694,a494c538-2006-42c8-abb7-99e6892d3042,Añadir el valor faltante en la dirección del cliente (346636).,06d62384-793f-4823-ae2e-f933e24fe906,MEDIA,WHATSAPP
435,Editar dirección de cliente,Cerrado,2026-06-25 13:28,b60729c2-7e6f-4f79-84a1-55687ae2a694,a494c538-2006-42c8-abb7-99e6892d3042,"Añadir el numero faltante en la dirección de cliente, ya que Quiter limita los valores añadidos en donde el limite son 10 caracteres. ",06d62384-793f-4823-ae2e-f933e24fe906,MEDIA,WHATSAPP
261,Expansión de campos de Quiter,Cerrado,2026-05-15 12:46,b60729c2-7e6f-4f79-84a1-55687ae2a694,a494c538-2006-42c8-abb7-99e6892d3042,"Buenas tardes, me apoyan con extender los campos para agregar la dirección del cliente por favor.",06d62384-793f-4823-ae2e-f933e24fe906,MEDIA,WHATSAPP
226,Expansión de campos de Quiter,Cerrado,2026-04-28 19:18,b60729c2-7e6f-4f79-84a1-55687ae2a694,a494c538-2006-42c8-abb7-99e6892d3042,"Buenas tardes, quisiera que me apoyasen agregando esta información ""Manzana 1 lote 1"" ya que en Quiter no deja agregar mas caracteres",06d62384-793f-4823-ae2e-f933e24fe906,MEDIA,WHATSAPP
340,Acrobat no abre ningún PDF,Cerrado,2026-06-03 14:03,78e9407e-d08d-4042-ab50-bc0e96d5243b,b81e6e79-52ad-4d29-9ff8-ca739cbe2e1c,El software Acrobat no abre ningún PDF,06d62384-793f-4823-ae2e-f933e24fe906,MEDIA,WHATSAPP
415,Agregar correo al celular,Cerrado,2026-06-22 11:54,78e9407e-d08d-4042-ab50-bc0e96d5243b,06aa988c-5049-4b52-a6a4-d5d22d305062,Anexar el correo de la empresa en el dispositivo movil.,06d62384-793f-4823-ae2e-f933e24fe906,MEDIA,WHATSAPP
414,Actualización de contraseña,Cerrado,2026-06-22 11:50,78e9407e-d08d-4042-ab50-bc0e96d5243b,06aa988c-5049-4b52-a6a4-d5d22d305062,Solicitan actualizar la contraseña del correo del solicitante.,06d62384-793f-4823-ae2e-f933e24fe906,MEDIA,WHATSAPP
533,Nuevo usuario Dealer Daily,Cerrado,2026-07-21 10:44,78e9407e-d08d-4042-ab50-bc0e96d5243b,1d314185-1a17-41c7-959b-bcb188a5dba7,Registrar a nuevo usuario de Dealer Daily.,06d62384-793f-4823-ae2e-f933e24fe906,MEDIA,WHATSAPP
593,Agregar cliente en Quiter,Cerrado,2026-07-31 12:00,78e9407e-d08d-4042-ab50-bc0e96d5243b,a494c538-2006-42c8-abb7-99e6892d3042,En el área de Refacciones no pueden agregar a un cliente.,06d62384-793f-4823-ae2e-f933e24fe906,MEDIA,WHATSAPP
89,Agregar Colonia,Cerrado,2026-03-17 17:50,6dd682e7-079c-4f0e-ae52-b4e347b2c2b6,a494c538-2006-42c8-abb7-99e6892d3042,Agregar la colonia Los Manantiales CP 39060,06d62384-793f-4823-ae2e-f933e24fe906,MEDIA,WHATSAPP
279,Agregar usuario en windows,Cerrado,2026-05-09 10:03,6dd682e7-079c-4f0e-ae52-b4e347b2c2b6,b81e6e79-52ad-4d29-9ff8-ca739cbe2e1c,Agregar un segundo usuario en Windows,06d62384-793f-4823-ae2e-f933e24fe906,MEDIA,WHATSAPP
605,Cámara de seguridad desconectada,Cerrado,2026-08-07 12:00,34b62e95-8cac-428c-8157-b08d8bbb985f,adcf7bdd-7901-4901-bc10-10a64870cc56,La cámara de seguridad de la oficina de Seminuevos se encuentra deshabilitada.,06d62384-793f-4823-ae2e-f933e24fe906,MEDIA,WHATSAPP
376,Cambio de tóner,Cerrado,2026-06-16 09:51,34b62e95-8cac-428c-8157-b08d8bbb985f,95717a85-3c2a-409f-9f9e-237db83aed01,Cambiar tóner en impresora de Seminuevos.,06d62384-793f-4823-ae2e-f933e24fe906,MEDIA,WHATSAPP
371,Laptop trabada,Cerrado,2026-06-15 13:09,34b62e95-8cac-428c-8157-b08d8bbb985f,cd7fcce8-b88c-4d12-be9e-bb3e391c4b82,Dificultades al abrir un documento PDF ocasionó el atasco del equipo.,06d62384-793f-4823-ae2e-f933e24fe906,MEDIA,WHATSAPP
284,Laptop no carga,Cerrado,2026-05-15 16:31,34b62e95-8cac-428c-8157-b08d8bbb985f,cd7fcce8-b88c-4d12-be9e-bb3e391c4b82,Al conectar el cargador la laptop no carga,06d62384-793f-4823-ae2e-f933e24fe906,MEDIA,WHATSAPP
48,Revisar Laptop de Gerente Seminuevos,Cerrado,2026-03-06 10:59,34b62e95-8cac-428c-8157-b08d8bbb985f,cd7fcce8-b88c-4d12-be9e-bb3e391c4b82,"No se puede escuchar la reunión del navegador

No se puede imprimir",06d62384-793f-4823-ae2e-f933e24fe906,MEDIA,WHATSAPP
478,Fallo al realizar operaciones en Excel,Cerrado,2026-07-07 12:00,34b62e95-8cac-428c-8157-b08d8bbb985f,68a65a63-f86b-4e69-b1e0-7ac1d7e9b373,"Al querer sacar el resultado de las sumas en una hoja de calculo, la celda correspondiente no arroja el resultado.",06d62384-793f-4823-ae2e-f933e24fe906,MEDIA,WHATSAPP
283,Impresión incompleta en el reporte Colaborativo Excel,Cerrado,2026-05-02 11:22,34b62e95-8cac-428c-8157-b08d8bbb985f,68a65a63-f86b-4e69-b1e0-7ac1d7e9b373,"Cuando se imprime el reporte, no salen todas las celdas completas",06d62384-793f-4823-ae2e-f933e24fe906,MEDIA,WHATSAPP
245,WhatsApp en laptop personal,Cerrado,2026-05-07 10:51,1417845a-d1d3-478a-b77d-9b935dc240fb,e8a85678-13b0-4977-b0cb-5255f43ab9c7,Me podrías apoyar instalando Whatsapp en mi laptop personal por favor,06d62384-793f-4823-ae2e-f933e24fe906,MEDIA,WHATSAPP
391,Impresora no reconocida,Cerrado,2026-06-19 10:17,1417845a-d1d3-478a-b77d-9b935dc240fb,95717a85-3c2a-409f-9f9e-237db83aed01,La impresora no aparece al momento de agregarla en la laptop.,06d62384-793f-4823-ae2e-f933e24fe906,MEDIA,WHATSAPP
388,Dificultades al imprimir,Cerrado,2026-06-18 13:07,1417845a-d1d3-478a-b77d-9b935dc240fb,95717a85-3c2a-409f-9f9e-237db83aed01,Acrobat se queda bloqueado por unos segundos y no se puede mandar a imprimir.,06d62384-793f-4823-ae2e-f933e24fe906,MEDIA,WHATSAPP
470,Laptop pierde conexión con impresora,Cerrado,2026-07-03 11:40,1417845a-d1d3-478a-b77d-9b935dc240fb,cd7fcce8-b88c-4d12-be9e-bb3e391c4b82,"La laptop de la vendedora se desconecta en varias ocasiones, se visualiza un mensaje en donde indica que la impresora está sin conexión.",06d62384-793f-4823-ae2e-f933e24fe906,MEDIA,WHATSAPP
466,Agregar impresora,Cerrado,2026-07-02 18:32,1417845a-d1d3-478a-b77d-9b935dc240fb,cd7fcce8-b88c-4d12-be9e-bb3e391c4b82,La impresora se encuentra desconectada en la laptop del vendedor.,06d62384-793f-4823-ae2e-f933e24fe906,MEDIA,WHATSAPP
547,Añadir red a cliente,Cerrado,2026-07-24 12:00,1417845a-d1d3-478a-b77d-9b935dc240fb,ec4ff3dc-3bef-4615-a7be-8b5e0cd99d0e,"Se requiere del acceso a la red de la empresa al cliente, ya que requiere realizar un movimiento en su app bancaria para pagar su unidad.",06d62384-793f-4823-ae2e-f933e24fe906,MEDIA,WHATSAPP
460,Pedido no puede almacenarse en bóveda,Cerrado,2026-06-30 17:35,1417845a-d1d3-478a-b77d-9b935dc240fb,64bf87a9-74df-414c-997e-501faff5b8f9,"El pedido 29548762 no se puede guardar dentro de la bóveda, sale un aviso de que el nombre o CP son incorrectos.",06d62384-793f-4823-ae2e-f933e24fe906,MEDIA,WHATSAPP
434,Error al subir el pedido,Cerrado,2026-06-25 13:04,1417845a-d1d3-478a-b77d-9b935dc240fb,64bf87a9-74df-414c-997e-501faff5b8f9,Pedido (29409615) no es posible subirse a la bóveda porque el nombre o el CP están mal escritos.,06d62384-793f-4823-ae2e-f933e24fe906,MEDIA,WHATSAPP
144,Correción de documentos,Cerrado,2026-04-08 12:00,1417845a-d1d3-478a-b77d-9b935dc240fb,64bf87a9-74df-414c-997e-501faff5b8f9,"Hola buenas tardes, necesito que acomoden el orden de los documentoss, ya que la INE se cargó de manera erronea",06d62384-793f-4823-ae2e-f933e24fe906,MEDIA,WHATSAPP
497,Expansión de campos de Quiter,Cerrado,2026-07-10 17:51,1417845a-d1d3-478a-b77d-9b935dc240fb,a494c538-2006-42c8-abb7-99e6892d3042,Ampliar los caracteres para colocar de forma correcta los datos del cliente.,06d62384-793f-4823-ae2e-f933e24fe906,MEDIA,WHATSAPP
393,Añadir colonia nueva,Cerrado,2026-06-18 12:39,1417845a-d1d3-478a-b77d-9b935dc240fb,a494c538-2006-42c8-abb7-99e6892d3042,Añadir nueva colonia AMPLIACION UNIDAD DEPORTIVA.,06d62384-793f-4823-ae2e-f933e24fe906,MEDIA,WHATSAPP
389,Editar dirección,Cerrado,2026-06-18 13:15,1417845a-d1d3-478a-b77d-9b935dc240fb,a494c538-2006-42c8-abb7-99e6892d3042,"Quiter con el tema de limitación de caracteres, No. cliente: 99352",06d62384-793f-4823-ae2e-f933e24fe906,MEDIA,WHATSAPP
360,Editar código postal,Cerrado,2026-06-10 12:00,1417845a-d1d3-478a-b77d-9b935dc240fb,a494c538-2006-42c8-abb7-99e6892d3042,"El CP de la persona aparece con paréntesis (GUERRERO) y el vendedor quiere quitar ese dato en el registro, ya que en la constancia del SAT aparece sin esa información sobrante.",06d62384-793f-4823-ae2e-f933e24fe906,MEDIA,WHATSAPP
344,Duplicado de cliente en Quiter.,Cerrado,2026-06-04 10:22,1417845a-d1d3-478a-b77d-9b935dc240fb,a494c538-2006-42c8-abb7-99e6892d3042,Bloquear al cliente con número 241641 ya que coincide con otro registro con el mismo nombre.,06d62384-793f-4823-ae2e-f933e24fe906,MEDIA,WHATSAPP
341,Alta de colonia,Cerrado,2026-06-03 17:25,1417845a-d1d3-478a-b77d-9b935dc240fb,a494c538-2006-42c8-abb7-99e6892d3042,Dar de alta a colonia ALTOS MIRADOR en Quiter,06d62384-793f-4823-ae2e-f933e24fe906,MEDIA,WHATSAPP
248,Alta de colonia,Cerrado,2026-05-09 10:12,1417845a-d1d3-478a-b77d-9b935dc240fb,a494c538-2006-42c8-abb7-99e6892d3042,"Buenos días compañero, si me podría agregar una colonia por favor.",06d62384-793f-4823-ae2e-f933e24fe906,MEDIA,WHATSAPP
132,Ampliar campos,Cerrado,2026-04-09 12:00,1417845a-d1d3-478a-b77d-9b935dc240fb,a494c538-2006-42c8-abb7-99e6892d3042,"Requiero de una expansión de caracteres, ya que no me deja agregar completamente la dirección de un cliente",06d62384-793f-4823-ae2e-f933e24fe906,MEDIA,WHATSAPP
299,Fallo en aplicativo 3CX y distorsión en Teléfono IP,Cerrado,2026-05-28 10:11,3cac633c-c981-43ee-8f2a-ccbda4ba93fa,d668000c-da87-4bd2-9a6f-2b1aceed3e56,El usuario se encuentra desconectado en la aplicación de 3CX y las llamadas que recibe en su teléfono IP se escuchan con distorsión.,06d62384-793f-4823-ae2e-f933e24fe906,MEDIA,WHATSAPP
206,No se puede iniciar sesión en la boveda,Cerrado,2026-04-16 12:00,3cac633c-c981-43ee-8f2a-ccbda4ba93fa,64bf87a9-74df-414c-997e-501faff5b8f9,"Al intentar acceder sale el siguiente error: ""Lo siento, no atiendo a robots""",06d62384-793f-4823-ae2e-f933e24fe906,MEDIA,WHATSAPP
87,Error al acceder a la Boveda,Cerrado,2026-03-17 11:31,3cac633c-c981-43ee-8f2a-ccbda4ba93fa,64bf87a9-74df-414c-997e-501faff5b8f9,El captcha no carga y no deja iniciar sesión ,06d62384-793f-4823-ae2e-f933e24fe906,MEDIA,WHATSAPP
454,Desactivar Cliente Duplicado,Cerrado,2026-06-26 18:43,3cac633c-c981-43ee-8f2a-ccbda4ba93fa,a494c538-2006-42c8-abb7-99e6892d3042,Desactivar el cliente 341872 por que esta duplicado,06d62384-793f-4823-ae2e-f933e24fe906,MEDIA,WHATSAPP
353,Actualizar Quiter,Cerrado,2026-06-09 13:27,3cac633c-c981-43ee-8f2a-ccbda4ba93fa,a494c538-2006-42c8-abb7-99e6892d3042,"Solicitan actualizar el software de Quiter, pero pide permisos de administrador para poder realizar la actividad",06d62384-793f-4823-ae2e-f933e24fe906,MEDIA,WHATSAPP
285,Cuenta Personal duplicada,Cerrado,2026-05-15 10:09,3cac633c-c981-43ee-8f2a-ccbda4ba93fa,a494c538-2006-42c8-abb7-99e6892d3042,Al querer hacer cambios en la cuenta 94034 no permite por que ya existe una cuenta con el mismo nombre ,06d62384-793f-4823-ae2e-f933e24fe906,MEDIA,WHATSAPP
99,Orden no se puede timbrar,Cerrado,2026-03-21 14:00,3cac633c-c981-43ee-8f2a-ccbda4ba93fa,a494c538-2006-42c8-abb7-99e6892d3042,"La orden con REF 29358910 no se puede timbrar, sale Error PAC RFC no coincide con el Nombre",06d62384-793f-4823-ae2e-f933e24fe906,MEDIA,WHATSAPP
297,No se puede pueden subir documentos en Nextcloud,Cerrado,2026-05-19 10:34,330074f9-af74-4575-bf9f-0694cf949413,20e62295-6c41-4fc3-b1e0-849f1fcd8238,Al subir archivos nos muestra que el usuario no tiene permisos para subir archivos,06d62384-793f-4823-ae2e-f933e24fe906,MEDIA,WHATSAPP
296,Solicitar a quiter mostrar la fecha de pago en extracto de cuenta,Cerrado,2026-05-07 13:00,330074f9-af74-4575-bf9f-0694cf949413,a494c538-2006-42c8-abb7-99e6892d3042,"En el extracto de cuenta del cliente mostrar la fecha de pago de cada pago, algunos recibos tienen fecha de emision y fecha de pago diferente,

para identificar cual es la fecha de pago, solicitar a quiter agregar la fecha de pago en el extracto de cuenta

Esto tiene que ser similar al extracto de Lexus",06d62384-793f-4823-ae2e-f933e24fe906,MEDIA,WHATSAPP
419,Asignar Perfil Narobial,Cerrado,2026-06-23 12:00,6dd682e7-079c-4f0e-ae52-b4e347b2c2b6,10162b7c-392d-4f86-9fa2-6500cb00e3dc,Compartir al usuario solicitado las credenciales para su perfil de Narobial.,06d62384-793f-4823-ae2e-f933e24fe906,MEDIA,WHATSAPP
576,Cerrar ordenes,Cerrado,2026-07-30 12:00,6dd682e7-079c-4f0e-ae52-b4e347b2c2b6,a494c538-2006-42c8-abb7-99e6892d3042,"Cerrar las siguientes ordenes de refacciones: 28604421 asiento no cuadra, 29709011 asiento no cuadra, 29612811, 29634441.",06d62384-793f-4823-ae2e-f933e24fe906,MEDIA,WHATSAPP
54,Agregar correos electrónicos al escáner,Cerrado,2026-03-09 12:00,d3b5a8ae-5b92-4934-9985-aac5d6387447,95717a85-3c2a-409f-9f9e-237db83aed01,"Buenas tardes, necesitamos que nos añaden al escáner para poder escanear los documentos que nos hacen falta, ya que la fotocopiadora se encuentra en uso constante y no nos da tiempo de escanear ",06d62384-793f-4823-ae2e-f933e24fe906,MEDIA,WHATSAPP
650,Agarrar y transferir llamadas,Cerrado,2026-08-20 10:02,d3b5a8ae-5b92-4934-9985-aac5d6387447,adcf7bdd-7901-4901-bc10-10a64870cc56,Piden el cómo agarrar llamadas cuando no hay nadie en la oficina y transferirlas a otro compañero.,06d62384-793f-4823-ae2e-f933e24fe906,MEDIA,WHATSAPP
153,Alta colonia,Cerrado,2026-04-06 12:00,d3b5a8ae-5b92-4934-9985-aac5d6387447,a494c538-2006-42c8-abb7-99e6892d3042,Necesito que den de alta una colonia,06d62384-793f-4823-ae2e-f933e24fe906,MEDIA,WHATSAPP
124,Aumento de campos en Quiter (Diego Romero),Cerrado,2026-04-01 12:00,d3b5a8ae-5b92-4934-9985-aac5d6387447,a494c538-2006-42c8-abb7-99e6892d3042,"compañero un apoyo para capturar completo el num int (357785) este es el num de cliente en quiter,  y el num int es: ""MANZANA 10 LOTE 23"" actualmente solo cupo hasta LOTE y falta el 23",06d62384-793f-4823-ae2e-f933e24fe906,MEDIA,WHATSAPP
309,Configuración de DynDNS para CCTV en Ometepec,Cerrado,2026-05-25 12:48,6dd682e7-079c-4f0e-ae52-b4e347b2c2b6,0d719215-ec21-4dd9-a43a-572837a5e3d0,"Configurar el host de DynDNS ""toyome.gotdns.org"" en el módem de Ometepec para enlazar la IP pública y mantener el acceso remoto a las cámaras de forma permanente sin que afecte el cambio de IP de Telmex.",06d62384-793f-4823-ae2e-f933e24fe906,MEDIA,WHATSAPP
35,CrowStrike,Cerrado,2026-03-05 12:00,6dd682e7-079c-4f0e-ae52-b4e347b2c2b6,2e7a41e9-e05b-4ebc-a4cc-eb70670d2af7," 	* Asignar Políticas
 	* Revisar cuales son las computadoras que no tienen instalado el sensor",06d62384-793f-4823-ae2e-f933e24fe906,MEDIA,WHATSAPP
450,Registro de Accesos,Cerrado,2026-06-17 12:00,6dd682e7-079c-4f0e-ae52-b4e347b2c2b6,b81e6e79-52ad-4d29-9ff8-ca739cbe2e1c,"Registrar accesos para Azucena, Nuevo colaborador de Sisiestros",06d62384-793f-4823-ae2e-f933e24fe906,MEDIA,WHATSAPP
518,Agregar impresora a todos los vendedores,Cerrado,2026-07-16 13:04,6dd682e7-079c-4f0e-ae52-b4e347b2c2b6,95717a85-3c2a-409f-9f9e-237db83aed01,"Agregar la impresora a todos los usuarios de ventas, financiamiento y atención al cliente.",06d62384-793f-4823-ae2e-f933e24fe906,MEDIA,WHATSAPP
517,Cambio de IP a impresora,Cerrado,2026-07-16 12:59,6dd682e7-079c-4f0e-ae52-b4e347b2c2b6,95717a85-3c2a-409f-9f9e-237db83aed01,Cambio de IP a impresora para conectarla de manera alámbrica.,06d62384-793f-4823-ae2e-f933e24fe906,MEDIA,WHATSAPP
305,Instalar impresora en Ometepec,Cerrado,2026-05-19 18:21,6dd682e7-079c-4f0e-ae52-b4e347b2c2b6,95717a85-3c2a-409f-9f9e-237db83aed01,Configurar e instalar impresora en Omepetec,06d62384-793f-4823-ae2e-f933e24fe906,MEDIA,WHATSAPP
671,No funciona la red de clientes,Cerrado,2026-08-27 12:00,6dd682e7-079c-4f0e-ae52-b4e347b2c2b6,ec4ff3dc-3bef-4615-a7be-8b5e0cd99d0e,La red CLIENTES TOYOTA no tiene internet,06d62384-793f-4823-ae2e-f933e24fe906,MEDIA,WHATSAPP
670,El enlace Totalplay esta caido,Cerrado,2026-08-07 12:00,6dd682e7-079c-4f0e-ae52-b4e347b2c2b6,ec4ff3dc-3bef-4615-a7be-8b5e0cd99d0e,No hay internet desde el enlace de totalplay,06d62384-793f-4823-ae2e-f933e24fe906,MEDIA,WHATSAPP
569,Implementación de segmentación de red y aislamiento para Wi-Fi de Clientes,Cerrado,2026-07-25 12:00,6dd682e7-079c-4f0e-ae52-b4e347b2c2b6,ec4ff3dc-3bef-4615-a7be-8b5e0cd99d0e,"Teníamos a los clientes y visitantes conectándose a la misma red que la agencia. Eran tantos dispositivos que los recursos se agotaron (se acabaron las IPs), provocando que los empleados sufrieran cortes de internet y tuvieran problemas para trabajar con normalidad.",06d62384-793f-4823-ae2e-f933e24fe906,MEDIA,WHATSAPP
308,Configuración de Port Forwarding para CCTV en módem (Ometepec),Cerrado,2026-05-22 10:42,6dd682e7-079c-4f0e-ae52-b4e347b2c2b6,ec4ff3dc-3bef-4615-a7be-8b5e0cd99d0e,"Agregar puertos 554 y 555 para las IPs 192.168.1.81 y 192.168.1.82 de las cámaras que se instalaron en Ometepec, esto con la finalidad de poder visualizarlas de manera remota.",06d62384-793f-4823-ae2e-f933e24fe906,MEDIA,WHATSAPP
669,No hay Red en la agencia,Cerrado,2026-08-22 12:00,6dd682e7-079c-4f0e-ae52-b4e347b2c2b6,003663d6-4308-4ea0-be7e-401c29383c64,"El firewall sufrió un daño en el firewall, se requiere reinstalar el sistema Pfsense",06d62384-793f-4823-ae2e-f933e24fe906,MEDIA,WHATSAPP
292,Nuevo correo electrónico,Cerrado,2026-05-27 09:45,6dd682e7-079c-4f0e-ae52-b4e347b2c2b6,06aa988c-5049-4b52-a6a4-d5d22d305062,Asignarle un nuevo correo electrónico para la nueva contadora.,06d62384-793f-4823-ae2e-f933e24fe906,MEDIA,WHATSAPP
37,Enviar correo a Salesforce,Cerrado,2026-03-05 12:00,6dd682e7-079c-4f0e-ae52-b4e347b2c2b6,1d314185-1a17-41c7-959b-bcb188a5dba7,"Reenviar correo solicitando listado de los usuarios y las licencias

ayuda_toyota@toyota.com

carlos.muro@toyota.com",06d62384-793f-4823-ae2e-f933e24fe906,MEDIA,WHATSAPP
133,Actualización Paquetería Office,Cerrado,2026-04-07 12:00,6dd682e7-079c-4f0e-ae52-b4e347b2c2b6,68a65a63-f86b-4e69-b1e0-7ac1d7e9b373,"Los siguientes usuarios requieren actualizar su paquetería Office 

 	* Pablo Marín
 	* Raymundo Martínez 
 	* Carlos Domínguez
 	* Bogar  Méndez
 	* Laura Elizalde
 	* Lucia Mendoza
 	* Claudia Herrera
 	* Patricia Manzo
 	* Imiltzer Gurrusquieta
 	* Diana Victorino",06d62384-793f-4823-ae2e-f933e24fe906,MEDIA,WHATSAPP
451,Agregar usuario aolvera como Recepcionista,Cerrado,2026-06-23 16:36,6dd682e7-079c-4f0e-ae52-b4e347b2c2b6,a494c538-2006-42c8-abb7-99e6892d3042,Registra como Recepcionista en Quiter,06d62384-793f-4823-ae2e-f933e24fe906,MEDIA,WHATSAPP
412,Corregir el valor impuesto en la prefactura,Cerrado,2026-06-03 10:56,6dd682e7-079c-4f0e-ae52-b4e347b2c2b6,a494c538-2006-42c8-abb7-99e6892d3042,"Corregir 3 prefactura con articulos que no calcula el impuesto correctamente

referecias: 29536711, 29446771, 29536731

Los articulos son:

 	* 1/6-MOLY-8931 PAQUETE LIMPIADOR CATALITICO  impuesto: 39.94 el correcto es 39.93
 	* 1/00279-80W90-TA ACEITE 80W90 impuesto:  33.39 el correcto es 33.40
 	* 1/6-MOLY-3318 LIMPIEZA DE FRENOS impuesto: 31.99 el correcto es 32",06d62384-793f-4823-ae2e-f933e24fe906,MEDIA,WHATSAPP
227,Compra de memorias Micro SD,Cerrado,2026-04-28 12:00,6dd682e7-079c-4f0e-ae52-b4e347b2c2b6,e8a85678-13b0-4977-b0cb-5255f43ab9c7,Requerimos de memorias micro SD de 256gb para las cámaras de seguridad que se instalarán en Ometepec.,06d62384-793f-4823-ae2e-f933e24fe906,MEDIA,WHATSAPP
141,Connfiguración de Tabletas,Cerrado,2026-04-10 12:00,6dd682e7-079c-4f0e-ae52-b4e347b2c2b6,e8a85678-13b0-4977-b0cb-5255f43ab9c7,Se necesita la configuraciónn de las tabletas para los asesores de servicio,06d62384-793f-4823-ae2e-f933e24fe906,MEDIA,WHATSAPP
140,Compra de componentes para Ometepec,Cerrado,2026-04-11 12:00,6dd682e7-079c-4f0e-ae52-b4e347b2c2b6,e8a85678-13b0-4977-b0cb-5255f43ab9c7,Se necesita de la compra de un regulador y un tóner extra para la impresora que se le va a asignar a la agencia de Ometepec.,06d62384-793f-4823-ae2e-f933e24fe906,MEDIA,WHATSAPP
156,Configurar equipo de computo para Ometepec,Cerrado,2026-04-11 12:00,6dd682e7-079c-4f0e-ae52-b4e347b2c2b6,cd7fcce8-b88c-4d12-be9e-bb3e391c4b82,Se requiere configurar un equipo de computo para trasladarlo a la nueva agencia que se encuentra en Ometepec,06d62384-793f-4823-ae2e-f933e24fe906,MEDIA,WHATSAPP
552,Fallo al conectarse a la VPN,Cerrado,2026-07-27 12:23,6dd682e7-079c-4f0e-ae52-b4e347b2c2b6,498c68ae-c54a-4937-8df3-f1a55ebc7ae1,Varios usuarios cuentan con dificultades al conectarse a la VPN.,06d62384-793f-4823-ae2e-f933e24fe906,MEDIA,WHATSAPP
602,Nextcloud no carga,Cerrado,2026-08-07 12:00,b1771a14-d08b-44f6-89d5-fbd2a72faccc,20e62295-6c41-4fc3-b1e0-849f1fcd8238,Las carpetas compartidas de Nextcloud marcan error al momento de abrirlas.,06d62384-793f-4823-ae2e-f933e24fe906,MEDIA,WHATSAPP
591,Nextcloud no sincroniza las carpetas.,Cerrado,2026-08-03 12:00,b1771a14-d08b-44f6-89d5-fbd2a72faccc,20e62295-6c41-4fc3-b1e0-849f1fcd8238,El programa Nextcloud no sincroniza las carpetas compartidas.,06d62384-793f-4823-ae2e-f933e24fe906,MEDIA,WHATSAPP
430,Actualizar Nextcloud,Cerrado,2026-06-24 12:00,b1771a14-d08b-44f6-89d5-fbd2a72faccc,20e62295-6c41-4fc3-b1e0-849f1fcd8238,Al momento de sincronizar Nextcloud nos arroja un mensaje de error al sincronizar los archivos y carpetas.,06d62384-793f-4823-ae2e-f933e24fe906,MEDIA,WHATSAPP
426,Actualizar archivos en Nextcloud,Cerrado,2026-06-24 13:37,b1771a14-d08b-44f6-89d5-fbd2a72faccc,20e62295-6c41-4fc3-b1e0-849f1fcd8238,La carpeta compartida no se muestra en el explorador de archivos.,06d62384-793f-4823-ae2e-f933e24fe906,MEDIA,WHATSAPP
428,Carpeta no reconocida en PC,Cerrado,2026-06-25 11:03,b1771a14-d08b-44f6-89d5-fbd2a72faccc,cd7fcce8-b88c-4d12-be9e-bb3e391c4b82,"Al seleccionar la carpeta deseada en el Explorador de archivos, aparece una leyenda de que la carpeta no se encuentra en la ruta de búsqueda.",06d62384-793f-4823-ae2e-f933e24fe906,MEDIA,WHATSAPP
366,Cuenta Control Chilpancingo,Cerrado,2026-06-12 16:20,b1771a14-d08b-44f6-89d5-fbd2a72faccc,64bf87a9-74df-414c-997e-501faff5b8f9,"Crear nuevo perfil para Rosibel Lorenzo Genchi, quien será la nueva contadora y necesita su propio perfil activo.",06d62384-793f-4823-ae2e-f933e24fe906,MEDIA,WHATSAPP
447,Error al dar registro de cuentas en Quiter,Cerrado,2026-06-27 12:26,b1771a14-d08b-44f6-89d5-fbd2a72faccc,a494c538-2006-42c8-abb7-99e6892d3042,"[1b673241-e509fb39-6a40159dd1cae7.14434287]

Al usuario contador le muestra el siguiente error en su pantalla en Quiter.",06d62384-793f-4823-ae2e-f933e24fe906,MEDIA,WHATSAPP
440,Compartir contraseña de correo,Cerrado,2026-06-26 09:27,b1771a14-d08b-44f6-89d5-fbd2a72faccc,a494c538-2006-42c8-abb7-99e6892d3042,Añadir contraseña actualizada al correo.,06d62384-793f-4823-ae2e-f933e24fe906,MEDIA,WHATSAPP
62,Contraseña de Dominio Expirada,Cerrado,2026-02-10 10:14,999a55d5-fa6a-44d5-957d-b8d70255bb98,b81e6e79-52ad-4d29-9ff8-ca739cbe2e1c,No puede acceder a la cuenta de windows porque le sale que la contraseña expiro,06d62384-793f-4823-ae2e-f933e24fe906,MEDIA,TELEFONO
193,Cambio de tóner a impresora de Caja,Cerrado,2026-04-24 13:00,999a55d5-fa6a-44d5-957d-b8d70255bb98,95717a85-3c2a-409f-9f9e-237db83aed01,"Buenos días compañeros, requiero de un cambio de tóner para la impresora ",06d62384-793f-4823-ae2e-f933e24fe906,MEDIA,TELEFONO
364,PC no muestra imagen,Cerrado,2026-06-12 12:34,999a55d5-fa6a-44d5-957d-b8d70255bb98,cd7fcce8-b88c-4d12-be9e-bb3e391c4b82,La PC de Caja no muestra imagen al encender.,06d62384-793f-4823-ae2e-f933e24fe906,MEDIA,TELEFONO
314,Dificultades al transferir llamadas en teléfono IP,Cerrado,2026-05-28 11:50,999a55d5-fa6a-44d5-957d-b8d70255bb98,adcf7bdd-7901-4901-bc10-10a64870cc56,La solicitante nos comunica de que tiene dificultades al realizar una transferencia telefónica a la extensión 0157,06d62384-793f-4823-ae2e-f933e24fe906,MEDIA,TELEFONO
63,Teléfono no suena al recibir llamadas,Cerrado,2026-02-17 18:40,999a55d5-fa6a-44d5-957d-b8d70255bb98,adcf7bdd-7901-4901-bc10-10a64870cc56,El telefono de Rogelio área de Cajas no suena cuando recibe llamadas,06d62384-793f-4823-ae2e-f933e24fe906,MEDIA,TELEFONO
425,Restablecer contraseña de correo,Cerrado,2026-06-22 12:00,999a55d5-fa6a-44d5-957d-b8d70255bb98,06aa988c-5049-4b52-a6a4-d5d22d305062,Se requiere cambio de contraseña para poder acceder al correo.,06d62384-793f-4823-ae2e-f933e24fe906,MEDIA,TELEFONO
651,Aumento de metálicos,Cerrado,2026-08-20 10:12,999a55d5-fa6a-44d5-957d-b8d70255bb98,a494c538-2006-42c8-abb7-99e6892d3042,Aumento de metálicos.,06d62384-793f-4823-ae2e-f933e24fe906,MEDIA,TELEFONO
584,Aumento de metálicos,Cerrado,2026-08-04 12:00,999a55d5-fa6a-44d5-957d-b8d70255bb98,a494c538-2006-42c8-abb7-99e6892d3042,Aumento de metálicos.,06d62384-793f-4823-ae2e-f933e24fe906,MEDIA,TELEFONO
583,Aumento de metálicos,Cerrado,2026-08-04 12:00,999a55d5-fa6a-44d5-957d-b8d70255bb98,a494c538-2006-42c8-abb7-99e6892d3042,Aumento de metálicos.,06d62384-793f-4823-ae2e-f933e24fe906,MEDIA,TELEFONO
582,Aumento de metálicos,Cerrado,2026-08-04 12:00,999a55d5-fa6a-44d5-957d-b8d70255bb98,a494c538-2006-42c8-abb7-99e6892d3042,Aumento de metálicos.,06d62384-793f-4823-ae2e-f933e24fe906,MEDIA,TELEFONO
563,Aumento de metálicos,Cerrado,2026-07-28 17:38,999a55d5-fa6a-44d5-957d-b8d70255bb98,a494c538-2006-42c8-abb7-99e6892d3042,Aumento de metálicos.,06d62384-793f-4823-ae2e-f933e24fe906,MEDIA,TELEFONO
562,Aumento de metálicos,Cerrado,2026-07-28 17:35,999a55d5-fa6a-44d5-957d-b8d70255bb98,a494c538-2006-42c8-abb7-99e6892d3042,Aumento de metálicos.,06d62384-793f-4823-ae2e-f933e24fe906,MEDIA,TELEFONO
561,Aumento de metálicos,Cerrado,2026-07-28 17:34,999a55d5-fa6a-44d5-957d-b8d70255bb98,a494c538-2006-42c8-abb7-99e6892d3042,Aumento de metálicos.,06d62384-793f-4823-ae2e-f933e24fe906,MEDIA,TELEFONO
560,Aumento de metálicos,Cerrado,2026-07-28 16:56,999a55d5-fa6a-44d5-957d-b8d70255bb98,a494c538-2006-42c8-abb7-99e6892d3042,Aumento de efectivo.,06d62384-793f-4823-ae2e-f933e24fe906,MEDIA,TELEFONO
529,Pedido no deja abrir,Cerrado,2026-07-20 12:53,999a55d5-fa6a-44d5-957d-b8d70255bb98,a494c538-2006-42c8-abb7-99e6892d3042,Al colocar la referencia del anticipo realizado por el vendedor no deja abrir y visualizar la información.,06d62384-793f-4823-ae2e-f933e24fe906,MEDIA,TELEFONO
503,Aumento de metálicos,Cerrado,2026-07-13 12:01,999a55d5-fa6a-44d5-957d-b8d70255bb98,a494c538-2006-42c8-abb7-99e6892d3042,Aumento de efectivo para realizar una operación en caja.,06d62384-793f-4823-ae2e-f933e24fe906,MEDIA,TELEFONO
487,Aumento de metálicos,Cerrado,2026-07-08 14:22,999a55d5-fa6a-44d5-957d-b8d70255bb98,a494c538-2006-42c8-abb7-99e6892d3042,Aumento de efectivo para realizar una operación en caja.,06d62384-793f-4823-ae2e-f933e24fe906,MEDIA,TELEFONO
485,Aumento de metálicos,Cerrado,2026-07-08 13:10,999a55d5-fa6a-44d5-957d-b8d70255bb98,a494c538-2006-42c8-abb7-99e6892d3042,Requieren un aumento de efectivo para realizar una actividad en caja.,06d62384-793f-4823-ae2e-f933e24fe906,MEDIA,TELEFONO
462,Aumento de metálicos,Cerrado,2026-07-01 12:51,999a55d5-fa6a-44d5-957d-b8d70255bb98,a494c538-2006-42c8-abb7-99e6892d3042,Aumento de metálicos para realizar operaciones en caja.,06d62384-793f-4823-ae2e-f933e24fe906,MEDIA,TELEFONO
443,Aumento de metálicos,Cerrado,2026-06-26 13:23,999a55d5-fa6a-44d5-957d-b8d70255bb98,a494c538-2006-42c8-abb7-99e6892d3042,Aumento de metálicos para realizar actividad en Caja.,06d62384-793f-4823-ae2e-f933e24fe906,MEDIA,TELEFONO
439,Aumento de metálicos,Cerrado,2026-06-25 19:00,999a55d5-fa6a-44d5-957d-b8d70255bb98,a494c538-2006-42c8-abb7-99e6892d3042,Aumento de metálicos para realizar operaciones en Caja.,06d62384-793f-4823-ae2e-f933e24fe906,MEDIA,TELEFONO
438,Aumento de metálicos,Cerrado,2026-06-25 18:34,999a55d5-fa6a-44d5-957d-b8d70255bb98,a494c538-2006-42c8-abb7-99e6892d3042,Aumento de metálicos para realizar operaciones en Caja.,06d62384-793f-4823-ae2e-f933e24fe906,MEDIA,TELEFONO
432,Aumento de metálicos,Cerrado,2026-06-25 12:20,999a55d5-fa6a-44d5-957d-b8d70255bb98,a494c538-2006-42c8-abb7-99e6892d3042,Requieren de un aumento de metálicos para realizar una operación en caja.,06d62384-793f-4823-ae2e-f933e24fe906,MEDIA,TELEFONO
395,Aumento de metálicos,Cerrado,2026-06-19 17:06,999a55d5-fa6a-44d5-957d-b8d70255bb98,a494c538-2006-42c8-abb7-99e6892d3042,Requieren aumento de metálicos para realizar una operación en caja.,06d62384-793f-4823-ae2e-f933e24fe906,MEDIA,TELEFONO
333,Aumento de metálicos,Cerrado,2026-06-01 11:35,999a55d5-fa6a-44d5-957d-b8d70255bb98,a494c538-2006-42c8-abb7-99e6892d3042,El usuario pidió un aumento de metálicos.,06d62384-793f-4823-ae2e-f933e24fe906,MEDIA,TELEFONO
318,Actualizar limite de metalicos,Cerrado,2026-05-08 16:59,999a55d5-fa6a-44d5-957d-b8d70255bb98,a494c538-2006-42c8-abb7-99e6892d3042,Actualizar el limite de efectivo en metalicos,06d62384-793f-4823-ae2e-f933e24fe906,MEDIA,TELEFONO
290,Aumento de metálicos,Cerrado,2026-05-26 12:32,999a55d5-fa6a-44d5-957d-b8d70255bb98,a494c538-2006-42c8-abb7-99e6892d3042,"Buenas tardes, me apoyan aumentando los metálicos por favor",06d62384-793f-4823-ae2e-f933e24fe906,MEDIA,TELEFONO
216,Aumentar limite de efectivo en metalicos,Cerrado,2026-04-08 14:14,999a55d5-fa6a-44d5-957d-b8d70255bb98,a494c538-2006-42c8-abb7-99e6892d3042,Aumentar limite de efectivo en metalicos,06d62384-793f-4823-ae2e-f933e24fe906,MEDIA,TELEFONO
104,Aumento de limite en metalico,Cerrado,2026-03-20 09:28,999a55d5-fa6a-44d5-957d-b8d70255bb98,a494c538-2006-42c8-abb7-99e6892d3042,Aumentar límite de efectivo en metalicos,06d62384-793f-4823-ae2e-f933e24fe906,MEDIA,TELEFONO
84,Error al timbrar un pago,Cerrado,2026-03-14 12:48,999a55d5-fa6a-44d5-957d-b8d70255bb98,a494c538-2006-42c8-abb7-99e6892d3042,Al timbrar un pago sale un error porque se superó el límite en metálico ,06d62384-793f-4823-ae2e-f933e24fe906,MEDIA,TELEFONO
69,Error al grabar orden,Cerrado,2026-02-23 14:48,999a55d5-fa6a-44d5-957d-b8d70255bb98,a494c538-2006-42c8-abb7-99e6892d3042,"Al grabar orden con ref 29284164 sale un error y no permite guardar
Existen error en asiento 29284164. No se ha Actualizado",06d62384-793f-4823-ae2e-f933e24fe906,MEDIA,TELEFONO
61,Error al timbrar orden de servicio,Cerrado,2026-03-10 10:33,999a55d5-fa6a-44d5-957d-b8d70255bb98,a494c538-2006-42c8-abb7-99e6892d3042,Al querer timbrar la orden el sistema genera un PAC ERROR,06d62384-793f-4823-ae2e-f933e24fe906,MEDIA,TELEFONO
81,Error en el nombre de la afectación contable,Cerrado,2026-03-13 12:00,999a55d5-fa6a-44d5-957d-b8d70255bb98,a494c538-2006-42c8-abb7-99e6892d3042,"Error en la afectación contable, cuando el cliente paga con tarjeta si sale el nombre de la cajera actual ""OLGA BIBIANO LORETO"" pero si el cliente paga en efectivo aparece el nombre de un cajero que ya no se encuentra en cajas ""JACINTO ZACATULA PEDRO""",06d62384-793f-4823-ae2e-f933e24fe906,MEDIA,TELEFONO
611,Cambio de tóner,Cerrado,2026-08-11 12:00,91afb28f-6ad3-4e55-bc73-ee8429ecc751,95717a85-3c2a-409f-9f9e-237db83aed01,Cambiar tóner de impresora a asesor de servicio.,06d62384-793f-4823-ae2e-f933e24fe906,MEDIA,WHATSAPP
489,Tóner para impresora servicio,Cerrado,2026-07-08 12:00,91afb28f-6ad3-4e55-bc73-ee8429ecc751,95717a85-3c2a-409f-9f9e-237db83aed01,Se requiere tóner de impresora a uno de los asesores de servicio.,06d62384-793f-4823-ae2e-f933e24fe906,MEDIA,WHATSAPP
72,Problemas al imprimir,Cerrado,2026-02-09 12:00,91afb28f-6ad3-4e55-bc73-ee8429ecc751,95717a85-3c2a-409f-9f9e-237db83aed01,"Buenas tardes, requiero de su apoyo para checar mi impresora HP, no puede conectarse a mi maquina y necesito imprimir",06d62384-793f-4823-ae2e-f933e24fe906,MEDIA,WHATSAPP
59,Cambio de tóner para impresora HP,Cerrado,2026-03-10 12:00,91afb28f-6ad3-4e55-bc73-ee8429ecc751,95717a85-3c2a-409f-9f9e-237db83aed01,"Hola buenos días, necesito un cambio urgente de tóner para mi impresora, ya que necesito imprimir mis documentos y entregarlos de forma urgente.",06d62384-793f-4823-ae2e-f933e24fe906,MEDIA,WHATSAPP
639,PC no enciende,Cerrado,2026-08-17 09:12,91afb28f-6ad3-4e55-bc73-ee8429ecc751,cd7fcce8-b88c-4d12-be9e-bb3e391c4b82,PC no enciende.,06d62384-793f-4823-ae2e-f933e24fe906,MEDIA,WHATSAPP
585,PC no enciende,Cerrado,2026-08-05 11:57,91afb28f-6ad3-4e55-bc73-ee8429ecc751,cd7fcce8-b88c-4d12-be9e-bb3e391c4b82,La PC de la asesora de servicio no enciende.,06d62384-793f-4823-ae2e-f933e24fe906,MEDIA,WHATSAPP
396,Agarrar llamadas de otros teléfonos IP,Cerrado,2026-06-19 17:51,91afb28f-6ad3-4e55-bc73-ee8429ecc751,adcf7bdd-7901-4901-bc10-10a64870cc56,Combinación de teclas para agarrar las llamadas a otros teléfonos en dado caso de que la persona no esté en su oficina.,06d62384-793f-4823-ae2e-f933e24fe906,MEDIA,WHATSAPP
251,Bancamovil de cliente,Cerrado,2026-05-09 13:01,91afb28f-6ad3-4e55-bc73-ee8429ecc751,ec4ff3dc-3bef-4615-a7be-8b5e0cd99d0e,"Necesito de su ayuda, un cliente quiere realizar una transferencia pero al conectarse a la red de toyota y clientes toyota la bancamovil que tiene el cliente se bloquea y no le deja realizar la operación de la transacción.",06d62384-793f-4823-ae2e-f933e24fe906,MEDIA,WHATSAPP
661,Error al cerrar orden de servicio,Cerrado,2026-08-10 12:00,91afb28f-6ad3-4e55-bc73-ee8429ecc751,a494c538-2006-42c8-abb7-99e6892d3042,Al cerrar la orden 29658840 no se puede por que aun no esta ticada,06d62384-793f-4823-ae2e-f933e24fe906,MEDIA,WHATSAPP
660,Corregir Prefactura de orden de servicio,Cerrado,2026-08-10 12:00,91afb28f-6ad3-4e55-bc73-ee8429ecc751,a494c538-2006-42c8-abb7-99e6892d3042,"Corregir el total de la orden de servicio 29685371 el total correcto es $10,159.53",06d62384-793f-4823-ae2e-f933e24fe906,MEDIA,WHATSAPP
659,Corregir Prefactura de orden de servicio,Cerrado,2026-08-10 12:00,91afb28f-6ad3-4e55-bc73-ee8429ecc751,a494c538-2006-42c8-abb7-99e6892d3042,Corregir el total de la orden de servicio 29682780 el total correcto es $6229.47,06d62384-793f-4823-ae2e-f933e24fe906,MEDIA,WHATSAPP
658,Error al timbrar orden de servicio,Cerrado,2026-08-06 12:00,91afb28f-6ad3-4e55-bc73-ee8429ecc751,a494c538-2006-42c8-abb7-99e6892d3042,al querer timbrar la orden de servicio 29622881 muestra PAC ERROR por que el valor es minino en la mano de obra,06d62384-793f-4823-ae2e-f933e24fe906,MEDIA,WHATSAPP
657,Timbrar orden de servicio modificada,Cerrado,2026-08-04 12:00,91afb28f-6ad3-4e55-bc73-ee8429ecc751,a494c538-2006-42c8-abb7-99e6892d3042,Al realizar ajustes en la orden de servicio 29647281 Quiter tiene que timbrar la orden para que respete los ajustes,06d62384-793f-4823-ae2e-f933e24fe906,MEDIA,WHATSAPP
656,Timbrar orden de servicio modificada,Cerrado,2026-07-31 12:00,91afb28f-6ad3-4e55-bc73-ee8429ecc751,a494c538-2006-42c8-abb7-99e6892d3042,Al realizar ajustes en la orden de servicio 29649320 Quiter tiene que timbrar la orden para que respete los ajustes,06d62384-793f-4823-ae2e-f933e24fe906,MEDIA,WHATSAPP
655,Corregir Prefactura de orden de servicio,Cerrado,2026-07-29 12:00,91afb28f-6ad3-4e55-bc73-ee8429ecc751,a494c538-2006-42c8-abb7-99e6892d3042,Corregir el total de la orden de servicio 29649321 el total correcto es $6012.93,06d62384-793f-4823-ae2e-f933e24fe906,MEDIA,WHATSAPP
654,Corregir Prefactura de orden de servicio,Cerrado,2026-07-28 12:00,91afb28f-6ad3-4e55-bc73-ee8429ecc751,a494c538-2006-42c8-abb7-99e6892d3042,"En la prefactura se debe corregir el total de la orden de servicio 29647281

el total correcto es: $7308.14",06d62384-793f-4823-ae2e-f933e24fe906,MEDIA,WHATSAPP
645,Cambiar tipo de orden,Cerrado,2026-08-19 09:36,91afb28f-6ad3-4e55-bc73-ee8429ecc751,a494c538-2006-42c8-abb7-99e6892d3042,"Uno de los asesores pide cambiar el tipo de orden que se encuentra actualmente ""3K"" (OR PUBLICO KITS) por la orden ""6"" (OR PUBLICO EMPLEADOS).",06d62384-793f-4823-ae2e-f933e24fe906,MEDIA,WHATSAPP
631,Tipo de orden,Cerrado,2026-08-13 12:00,91afb28f-6ad3-4e55-bc73-ee8429ecc751,a494c538-2006-42c8-abb7-99e6892d3042,Solicitan un cambio de orden en el área de servicio.,06d62384-793f-4823-ae2e-f933e24fe906,MEDIA,WHATSAPP
606,Orden de Quiter no cierra,Cerrado,2026-08-08 12:00,91afb28f-6ad3-4e55-bc73-ee8429ecc751,a494c538-2006-42c8-abb7-99e6892d3042,Al querer cerrar una orden dentro de Quiter deniega la acción por diferencia de precio en centavos.,06d62384-793f-4823-ae2e-f933e24fe906,MEDIA,WHATSAPP
486,Alta de colonia,Cerrado,2026-07-08 14:09,91afb28f-6ad3-4e55-bc73-ee8429ecc751,a494c538-2006-42c8-abb7-99e6892d3042,Agregar nueva colonia. ,06d62384-793f-4823-ae2e-f933e24fe906,MEDIA,WHATSAPP
60,Ajustar tamaño de pantalla en Quiter,Cerrado,2026-03-10 12:00,91afb28f-6ad3-4e55-bc73-ee8429ecc751,a494c538-2006-42c8-abb7-99e6892d3042,"Buenos días, necesito de su apoyo ya que la pagina de Quiter me aparece en la esquina inferior izquierdo y no logro que se ajuste, ya hasta reinicié la PC y sigo con el mismo error.",06d62384-793f-4823-ae2e-f933e24fe906,MEDIA,WHATSAPP
327,Cerrar orden de servicio,Cerrado,2026-05-28 12:00,91afb28f-6ad3-4e55-bc73-ee8429ecc751,a494c538-2006-42c8-abb7-99e6892d3042,La orden 29408850 quedó pendiente de cerrarse ya que faltó checar una factura por parte del técnico.,06d62384-793f-4823-ae2e-f933e24fe906,MEDIA,WHATSAPP
343,Dado de seguridad extraviado,Cerrado,2026-06-03 19:26,6dd682e7-079c-4f0e-ae52-b4e347b2c2b6,adcf7bdd-7901-4901-bc10-10a64870cc56,Se solicita revisar la grabación de una cámara de seguridad en el área de taller por el extravío de un dado de seguridad.,06d62384-793f-4823-ae2e-f933e24fe906,MEDIA,WHATSAPP
262,Fallo al acceder a TIS,Cerrado,2026-05-15 18:09,6dd682e7-079c-4f0e-ae52-b4e347b2c2b6,1d314185-1a17-41c7-959b-bcb188a5dba7,"Buenas tardes, me podrían apoyar con mi cuenta de TIS por favor, no puedo acceder con mi usuario y contraseña.",6dd682e7-079c-4f0e-ae52-b4e347b2c2b6,MEDIA,WHATSAPP
526,Registro de huella,Cerrado,2026-07-18 10:11,6fec4131-ef6a-48d6-877d-ce16b3142d38,e8a85678-13b0-4977-b0cb-5255f43ab9c7,"Registrar nueva huella a vendedor, ya que en su dedo anterior el lector de huella no lo reconoce.",6dd682e7-079c-4f0e-ae52-b4e347b2c2b6,MEDIA,WHATSAPP
433,Fallo al imprimir,Cerrado,2026-06-24 12:00,6fec4131-ef6a-48d6-877d-ce16b3142d38,95717a85-3c2a-409f-9f9e-237db83aed01,"Al querer imprimir sale un error, la PC no detecta la impresora.",6dd682e7-079c-4f0e-ae52-b4e347b2c2b6,MEDIA,WHATSAPP
610,Actualizar Lista Negra,Cerrado,2026-08-11 12:00,6fec4131-ef6a-48d6-877d-ce16b3142d38,64bf87a9-74df-414c-997e-501faff5b8f9,Cambiar lista negra corrompida por una correcta.,6dd682e7-079c-4f0e-ae52-b4e347b2c2b6,MEDIA,WHATSAPP
458,Sustitución de Lista Negra,Cerrado,2026-06-29 12:00,6fec4131-ef6a-48d6-877d-ce16b3142d38,64bf87a9-74df-414c-997e-501faff5b8f9,"Cambio de documento en la Lista Negra, el documento que se encuentra en bóveda cuenta con símbolos en vez de letras.",6dd682e7-079c-4f0e-ae52-b4e347b2c2b6,MEDIA,WHATSAPP
116,Corrección de documento corrompido en bóveda,Cerrado,2026-03-25 12:00,6fec4131-ef6a-48d6-877d-ce16b3142d38,64bf87a9-74df-414c-997e-501faff5b8f9,"Buenas tardes, quisiera editar un documento que se subió a la bóveda, el caso es que el PDF que se envió cuenta con simbolos raros en vez de letras, me hicieron ese chequeo y quiero corregirlo pero no me deja",6dd682e7-079c-4f0e-ae52-b4e347b2c2b6,MEDIA,WHATSAPP
349,Dificultad al acceder a Dealer,Cerrado,2026-06-04 17:13,6fec4131-ef6a-48d6-877d-ce16b3142d38,1d314185-1a17-41c7-959b-bcb188a5dba7,La página Dealer cuenta con fallos al acceder a las cuentas de los usuarios.,6dd682e7-079c-4f0e-ae52-b4e347b2c2b6,MEDIA,WHATSAPP
575,Corrección de documento para subir en Bóveda,Cerrado,2026-07-30 17:58,6fec4131-ef6a-48d6-877d-ce16b3142d38,a494c538-2006-42c8-abb7-99e6892d3042,"Se requiere sustituir la Lista Negra que se encuentra en bóveda, ya que el documento está dañado.",6dd682e7-079c-4f0e-ae52-b4e347b2c2b6,MEDIA,WHATSAPP
200,Actualizar Nextcloud,Cerrado,2026-04-28 09:32,b2fb1e5a-98f0-4c4b-acf5-57c729027982,20e62295-6c41-4fc3-b1e0-849f1fcd8238,"Hola buenos días, me apareció una actualización de Nextcloud pero no puedo actualizarlo porque no tengo permisos de administrador, me podrían apoyar de favor.",6dd682e7-079c-4f0e-ae52-b4e347b2c2b6,MEDIA,WHATSAPP
139,Camaras de seguridad Chilpo,Cerrado,2026-04-10 12:00,b2fb1e5a-98f0-4c4b-acf5-57c729027982,e8a85678-13b0-4977-b0cb-5255f43ab9c7,"Se requiere añadir las camaras en la laptop de Pablo, gerente de Servicios",6dd682e7-079c-4f0e-ae52-b4e347b2c2b6,MEDIA,WHATSAPP
179,Desinstalar programa,Cerrado,2026-04-18 10:51,b2fb1e5a-98f0-4c4b-acf5-57c729027982,b81e6e79-52ad-4d29-9ff8-ca739cbe2e1c,Se requiere la desinstalación de una aplicación desconocida (Bitrix24) que se encuentra instalada en el equipo del gerente Pablo Marín.,6dd682e7-079c-4f0e-ae52-b4e347b2c2b6,MEDIA,WHATSAPP
663,Bloqueo de cuenta de dealer,Cerrado,2026-08-18 12:00,b2fb1e5a-98f0-4c4b-acf5-57c729027982,1d314185-1a17-41c7-959b-bcb188a5dba7,se bloqueo la cuenta por varios intentos,6dd682e7-079c-4f0e-ae52-b4e347b2c2b6,MEDIA,WHATSAPP
495,Problemas al acceder a Quiter,Cerrado,2026-07-10 09:46,b2fb1e5a-98f0-4c4b-acf5-57c729027982,a494c538-2006-42c8-abb7-99e6892d3042,El usuario solicitante no le deja acceder a Quiter.,6dd682e7-079c-4f0e-ae52-b4e347b2c2b6,MEDIA,WHATSAPP
411,Generar Reporte de articulos,Cerrado,2026-05-30 12:52,b2fb1e5a-98f0-4c4b-acf5-57c729027982,a494c538-2006-42c8-abb7-99e6892d3042,"El reporte debe contener

 	* Articulo
 	* Descripcion
 	* Clave Unidad
 	* Descripcion
 	* Clave Producto Servicio
 	* Descripcion
 	* Proveedor
 	* Existencia",6dd682e7-079c-4f0e-ae52-b4e347b2c2b6,MEDIA,WHATSAPP
386,Actualizar Quiter,Cerrado,2026-06-18 10:01,b2fb1e5a-98f0-4c4b-acf5-57c729027982,a494c538-2006-42c8-abb7-99e6892d3042,Una nueva versión de Quiter está disponible.,6dd682e7-079c-4f0e-ae52-b4e347b2c2b6,MEDIA,WHATSAPP
324,Generar Reporte de articulos,Cerrado,2026-05-26 13:00,b2fb1e5a-98f0-4c4b-acf5-57c729027982,a494c538-2006-42c8-abb7-99e6892d3042,"El reporte debe contener lo siguiente

 	* Nro de parte
 	* Descripcion
 	* Clave producto
 	* Descripcion Clave producto
 	* Clave unidad
 	* Descripcion Clave unidad",6dd682e7-079c-4f0e-ae52-b4e347b2c2b6,MEDIA,WHATSAPP
287,Error al cerrar orden interna de servicio,Cerrado,2026-05-18 09:46,b2fb1e5a-98f0-4c4b-acf5-57c729027982,a494c538-2006-42c8-abb7-99e6892d3042,Ajustar costo medio,6dd682e7-079c-4f0e-ae52-b4e347b2c2b6,MEDIA,WHATSAPP
138,Error al cerrar orden interna,Cerrado,2026-03-31 12:00,b2fb1e5a-98f0-4c4b-acf5-57c729027982,a494c538-2006-42c8-abb7-99e6892d3042,Ajustar costo medio de la orden 29276590,6dd682e7-079c-4f0e-ae52-b4e347b2c2b6,MEDIA,WHATSAPP
137,Error al cerrar orden interna,Cerrado,2026-03-31 12:00,b2fb1e5a-98f0-4c4b-acf5-57c729027982,a494c538-2006-42c8-abb7-99e6892d3042,"Ajustar costo medio de una orden, REF 29370340",6dd682e7-079c-4f0e-ae52-b4e347b2c2b6,MEDIA,WHATSAPP
16,Cierre de ordenes internas,Cerrado,2026-03-03 13:05,b2fb1e5a-98f0-4c4b-acf5-57c729027982,a494c538-2006-42c8-abb7-99e6892d3042,"No se pueden cerrar porque no cuadra el costo medio
Referencias

 	* 29012511
 	* 29052201",6dd682e7-079c-4f0e-ae52-b4e347b2c2b6,MEDIA,WHATSAPP
347,Hoja atascada en impresora,Cerrado,2026-06-04 16:45,3e302ced-93d8-4d02-83e1-f60ce184df1c,95717a85-3c2a-409f-9f9e-237db83aed01,Hoja atascada en impresora de Seminuevos.,6dd682e7-079c-4f0e-ae52-b4e347b2c2b6,MEDIA,WHATSAPP
587,BDD Quiter,Cerrado,2026-08-04 12:00,3e302ced-93d8-4d02-83e1-f60ce184df1c,a494c538-2006-42c8-abb7-99e6892d3042,El vendedor se seminuevos Pablo Daniel Marín solicita la base de datos personal para ver el historial de sus ventas de este año.,6dd682e7-079c-4f0e-ae52-b4e347b2c2b6,MEDIA,WHATSAPP
32,Creación de accesos,Cerrado,2026-03-04 10:11,9e0003da-fb0b-496c-8997-2a061a894e21,a494c538-2006-42c8-abb7-99e6892d3042,"Crear accesos de Claudia Herrera Vargas Gerente de Seminuevos

 	* Dealer
 	* Quiter
 	* Correo",6dd682e7-079c-4f0e-ae52-b4e347b2c2b6,MEDIA,WHATSAPP
31,Agregar licencia extra al usuario,Cerrado,2026-03-04 06:33,330074f9-af74-4575-bf9f-0694cf949413,a494c538-2006-42c8-abb7-99e6892d3042,auditorcamsa agregar 1 licencia mas,6dd682e7-079c-4f0e-ae52-b4e347b2c2b6,MEDIA,WHATSAPP
176,Actualización Nextcloud,Cerrado,2026-04-15 12:00,f10d94cb-b63a-497c-9b75-e1dcfe2c80f3,20e62295-6c41-4fc3-b1e0-849f1fcd8238,"Requiero de su apoyo actualizando Nextcloud, me pide a cada rato que lo actualice pero no puedo porque mi usuario no cuenta con permisos de administrador.",6dd682e7-079c-4f0e-ae52-b4e347b2c2b6,MEDIA,WHATSAPP
599,Whatsapp de escritorio no deja descargar,Cerrado,2026-08-07 10:29,f10d94cb-b63a-497c-9b75-e1dcfe2c80f3,b81e6e79-52ad-4d29-9ff8-ca739cbe2e1c,Al querer descargar un documento en el software de Whatsapp no lo guarda.,6dd682e7-079c-4f0e-ae52-b4e347b2c2b6,MEDIA,WHATSAPP
121,Office en Español,Cerrado,2026-03-30 17:28,f10d94cb-b63a-497c-9b75-e1dcfe2c80f3,68a65a63-f86b-4e69-b1e0-7ac1d7e9b373,"Buenas tardes, necesito que me apoyen cambiando el lenguaje de mi office a español por favor",6dd682e7-079c-4f0e-ae52-b4e347b2c2b6,MEDIA,WHATSAPP
358,Tóner para impresora,Cerrado,2026-06-11 11:19,bcf41262-1f57-4851-8775-5eb87d7ee854,95717a85-3c2a-409f-9f9e-237db83aed01,Se pide tóner para impresora de refacciones Chilpancingo.,6dd682e7-079c-4f0e-ae52-b4e347b2c2b6,MEDIA,WHATSAPP
298,Pagina no genera contrarrecibo,Cerrado,2026-05-28 09:44,bcf41262-1f57-4851-8775-5eb87d7ee854,b81e6e79-52ad-4d29-9ff8-ca739cbe2e1c,Pagina de Grupo Camsa no genere contrarrecibo al colocar los archivos indicados.,6dd682e7-079c-4f0e-ae52-b4e347b2c2b6,MEDIA,WHATSAPP
199,Fallo en pagina de refacturación,Cerrado,2026-04-27 11:59,bcf41262-1f57-4851-8775-5eb87d7ee854,64bf87a9-74df-414c-997e-501faff5b8f9,"No me deja refacturar mis recibos, me aparece una leyenda de que el CFDI están mal escritos, pero todo está correcto, por favor me podrían apoyar.",6dd682e7-079c-4f0e-ae52-b4e347b2c2b6,MEDIA,WHATSAPP
145,Regulador alertado,Cerrado,2026-04-13 12:00,54b291fe-451c-42dc-9cf4-545f62da54c7,e8a85678-13b0-4977-b0cb-5255f43ab9c7,"Necesito que me apoyen reparando mi regulador, no deja de alertar y es un ruido insoportable",6dd682e7-079c-4f0e-ae52-b4e347b2c2b6,MEDIA,WHATSAPP
378,Demora al imprimir,Cerrado,2026-06-17 12:19,54b291fe-451c-42dc-9cf4-545f62da54c7,95717a85-3c2a-409f-9f9e-237db83aed01,La impresora de financiamiento tarda en imprimir los documentos.,6dd682e7-079c-4f0e-ae52-b4e347b2c2b6,MEDIA,WHATSAPP
266,Error de conectividad de impresora,Cerrado,2026-05-20 11:06,54b291fe-451c-42dc-9cf4-545f62da54c7,95717a85-3c2a-409f-9f9e-237db83aed01,"Buenos días, me podrían apoyar reconectando la impresora de Financiamiento porque ando mandando documentos a imprimir pero me manda error",6dd682e7-079c-4f0e-ae52-b4e347b2c2b6,MEDIA,WHATSAPP
429,Kahoot,Cerrado,2026-06-25 11:12,54b291fe-451c-42dc-9cf4-545f62da54c7,b81e6e79-52ad-4d29-9ff8-ca739cbe2e1c,Al guardar una encuesta ya creada aparece el apartado de cobro para poder seguir con la operación.,6dd682e7-079c-4f0e-ae52-b4e347b2c2b6,MEDIA,WHATSAPP
231,Restricción en página,Cerrado,2026-04-30 13:11,54b291fe-451c-42dc-9cf4-545f62da54c7,b81e6e79-52ad-4d29-9ff8-ca739cbe2e1c,La pagina de BBVA no me permite generar un PDF porque la pagina lo bloquea,6dd682e7-079c-4f0e-ae52-b4e347b2c2b6,MEDIA,WHATSAPP
159,Pagina web bloqueada,Cerrado,2026-04-14 11:01,54b291fe-451c-42dc-9cf4-545f62da54c7,b81e6e79-52ad-4d29-9ff8-ca739cbe2e1c,"Buenos días, necesito de su apoyo, no puedo ver contenido de una pagina web en especifico porque se encuentra bloqueada, necesito que me apoyen para que se pueda visualizar.",6dd682e7-079c-4f0e-ae52-b4e347b2c2b6,MEDIA,WHATSAPP
126,Descomprimir documentos de un archivo .ZIP,Cerrado,2026-04-01 12:00,54b291fe-451c-42dc-9cf4-545f62da54c7,b81e6e79-52ad-4d29-9ff8-ca739cbe2e1c,"Buenas tardes, si me podría apoyar descomprimiendo un archivo .ZIP",6dd682e7-079c-4f0e-ae52-b4e347b2c2b6,MEDIA,WHATSAPP
142,Actualizar contraseña Dealer,Cerrado,2026-04-13 12:00,54b291fe-451c-42dc-9cf4-545f62da54c7,1d314185-1a17-41c7-959b-bcb188a5dba7,"Buenas tardes, requiero de la actualización de mi contraseña de Dealer, ya que nno puedo acceder con la contraseña anterior.",6dd682e7-079c-4f0e-ae52-b4e347b2c2b6,MEDIA,WHATSAPP
161,Fallo al imprimir documento Excel,Cerrado,2026-04-14 14:08,54b291fe-451c-42dc-9cf4-545f62da54c7,68a65a63-f86b-4e69-b1e0-7ac1d7e9b373,No me deja imprimir los documentos de excel,6dd682e7-079c-4f0e-ae52-b4e347b2c2b6,MEDIA,WHATSAPP
277,Error al iniciar sesion en Salesforce,Cerrado,2026-04-29 19:15,54b291fe-451c-42dc-9cf4-545f62da54c7,ea7dbf31-c09d-48be-9dff-31049b8ce150,No se puede iniciar sesión al Salesforce,6dd682e7-079c-4f0e-ae52-b4e347b2c2b6,MEDIA,WHATSAPP
241,Escáner atascado,Cerrado,2026-05-06 09:44,54b291fe-451c-42dc-9cf4-545f62da54c7,e8a85678-13b0-4977-b0cb-5255f43ab9c7,"Buenos días necesito de su ayuda, el escáner que tenemos en financiamiento se atasca al pasar por varias hojas, quiero que me apoyen a destrabarlo por favor.",6dd682e7-079c-4f0e-ae52-b4e347b2c2b6,MEDIA,WHATSAPP
152,Ajuste en telefono IP,Cerrado,2026-04-06 12:00,3e302ced-93d8-4d02-83e1-f60ce184df1c,adcf7bdd-7901-4901-bc10-10a64870cc56,Tengo problemas con mi linea telefonica,6dd682e7-079c-4f0e-ae52-b4e347b2c2b6,MEDIA,WHATSAPP
129,Teléfono no se escucha,Cerrado,2026-04-06 13:29,3e302ced-93d8-4d02-83e1-f60ce184df1c,adcf7bdd-7901-4901-bc10-10a64870cc56,"Buenas tardes, no puedo escuchar a mis clientes, ellos si me pueden escuchar, pero ellos a mi no.",6dd682e7-079c-4f0e-ae52-b4e347b2c2b6,MEDIA,WHATSAPP
127,Error con tabla de calculo,Cerrado,2026-04-06 13:10,3e302ced-93d8-4d02-83e1-f60ce184df1c,b81e6e79-52ad-4d29-9ff8-ca739cbe2e1c,"Buenas tardes, quisiera que me apoyaran con mi hoja de calculo, me aparece que se tiene que actualizar, pero no veo una pantalla de carga ni nada.",6dd682e7-079c-4f0e-ae52-b4e347b2c2b6,MEDIA,WHATSAPP
174,Cierre de ordenes,Cerrado,2026-04-15 12:00,3e302ced-93d8-4d02-83e1-f60ce184df1c,a494c538-2006-42c8-abb7-99e6892d3042,Me puedes ayudar a cerrar con fecha de 10 de abril,6dd682e7-079c-4f0e-ae52-b4e347b2c2b6,MEDIA,WHATSAPP
516,Traspasar información a carpeta compartida,Cerrado,2026-07-15 17:22,549753e3-e5fb-4b93-b2f4-df51458a0496,20e62295-6c41-4fc3-b1e0-849f1fcd8238,Mover la información ya actualizada a una carpeta compartida.,6dd682e7-079c-4f0e-ae52-b4e347b2c2b6,MEDIA,WHATSAPP
158,Nuevo usuario Nextcloud,Cerrado,2026-04-14 10:57,549753e3-e5fb-4b93-b2f4-df51458a0496,20e62295-6c41-4fc3-b1e0-849f1fcd8238,"Buenos días, me podrían apoyar creando ¿me un usuario de Nextcloud, para así poder trabajar con las carpetas compartidas de Contabilidad.",6dd682e7-079c-4f0e-ae52-b4e347b2c2b6,MEDIA,WHATSAPP
508,Carpeta acuse restringida,Cerrado,2026-07-14 17:36,549753e3-e5fb-4b93-b2f4-df51458a0496,cd7fcce8-b88c-4d12-be9e-bb3e391c4b82,Al querer acceder a la carpeta compartida Acuse muestra forzosamente un recuadro en donde pide permisos de administrador.,6dd682e7-079c-4f0e-ae52-b4e347b2c2b6,MEDIA,WHATSAPP
250,Problemas con navegador Brave,Cerrado,2026-05-09 12:00,549753e3-e5fb-4b93-b2f4-df51458a0496,b81e6e79-52ad-4d29-9ff8-ca739cbe2e1c,"Necesito de su ayuda, intento abrir el navegador Brave pero me cierra al instante, no me deja ni acceder al navegador ni abrir pestañas normales ni de incognito, cada vez que lo abro se cierra al instante.",6dd682e7-079c-4f0e-ae52-b4e347b2c2b6,MEDIA,WHATSAPP
185,Documento Excel no abre,Cerrado,2026-04-21 10:50,549753e3-e5fb-4b93-b2f4-df51458a0496,68a65a63-f86b-4e69-b1e0-7ac1d7e9b373,Me apoyan con un documento Excel que no me deja abrirlo por favor,6dd682e7-079c-4f0e-ae52-b4e347b2c2b6,MEDIA,WHATSAPP
566,Teléfono de recepción Chilpo no funciona,Cerrado,2026-07-28 12:00,1c70495d-9b73-40a5-ab31-b1b7c5fb1434,adcf7bdd-7901-4901-bc10-10a64870cc56,No puede recibir llamadas,6dd682e7-079c-4f0e-ae52-b4e347b2c2b6,MEDIA,WHATSAPP
128,Impresora mal configurada,Cerrado,2026-04-06 13:20,ad53ce9f-1061-4887-a574-bd6b5e420082,95717a85-3c2a-409f-9f9e-237db83aed01,"Buenas tardes, necesito ayuda con la impresora de el área de servicios, cada vez que queremos imprimir  nos aparece el tipo de tamaño de la hoja, lo cual no sé por qué aparece, necesitamos de su ayuda.",6dd682e7-079c-4f0e-ae52-b4e347b2c2b6,MEDIA,WHATSAPP
197,Actualización de contraseña de PC,Cerrado,2026-04-24 18:21,ad53ce9f-1061-4887-a574-bd6b5e420082,cd7fcce8-b88c-4d12-be9e-bb3e391c4b82,"Me podrían apoyar restableciendo la contraseña de la PC de la señorita Marahí, necesito sacar unas fotos pero no me deja acceder con la contraseña anterior.",6dd682e7-079c-4f0e-ae52-b4e347b2c2b6,MEDIA,WHATSAPP
653,No se puede acceder a quiter,Cerrado,2026-08-05 12:00,ad53ce9f-1061-4887-a574-bd6b5e420082,a494c538-2006-42c8-abb7-99e6892d3042,"Al intentar iniciar sesion sale el error:

El nombre suministrado no es valido como CUENTA",6dd682e7-079c-4f0e-ae52-b4e347b2c2b6,MEDIA,WHATSAPP
149,Ampliación de campos,Cerrado,2026-04-10 12:00,ad53ce9f-1061-4887-a574-bd6b5e420082,a494c538-2006-42c8-abb7-99e6892d3042,"RRequiero de una apliacion de campos, ya que no me deja colocar correctamente la direccion",6dd682e7-079c-4f0e-ae52-b4e347b2c2b6,MEDIA,WHATSAPP
402,Carpeta no se sincroniza,Cerrado,2026-06-01 11:09,152888b5-83e9-45a4-9ad6-be6c2122e40e,20e62295-6c41-4fc3-b1e0-849f1fcd8238,La carpeta de Contabilidad con se sincroniza en la PC,6dd682e7-079c-4f0e-ae52-b4e347b2c2b6,MEDIA,WHATSAPP
214,Contraseña expirada,Cerrado,2026-04-22 12:13,152888b5-83e9-45a4-9ad6-be6c2122e40e,b81e6e79-52ad-4d29-9ff8-ca739cbe2e1c,La contraseña para acceder a Windows expiro,6dd682e7-079c-4f0e-ae52-b4e347b2c2b6,MEDIA,WHATSAPP
2,Agregar carpeta compartida,Cerrado,2026-03-03 10:49,152888b5-83e9-45a4-9ad6-be6c2122e40e,b81e6e79-52ad-4d29-9ff8-ca739cbe2e1c,"crear carpeta compartida de inventario propio que la pueda ver, Abi de ventas / Lau gte de vtas / Diana",6dd682e7-079c-4f0e-ae52-b4e347b2c2b6,MEDIA,WHATSAPP
382,Problemas al imprimir,Cerrado,2026-06-17 13:13,152888b5-83e9-45a4-9ad6-be6c2122e40e,95717a85-3c2a-409f-9f9e-237db83aed01,Impresora no responde al mandar los documentos.,6dd682e7-079c-4f0e-ae52-b4e347b2c2b6,MEDIA,WHATSAPP
90,Cancelación de recibo duplicada,Cerrado,2026-03-17 15:53,152888b5-83e9-45a4-9ad6-be6c2122e40e,a494c538-2006-42c8-abb7-99e6892d3042,"El dia 11 de marzo se realizó una cancelación de un recibo, al parecer se hizo doble",6dd682e7-079c-4f0e-ae52-b4e347b2c2b6,MEDIA,WHATSAPP
41,VIN diferente en factura y pedido,Cerrado,2026-03-06 02:00,152888b5-83e9-45a4-9ad6-be6c2122e40e,a494c538-2006-42c8-abb7-99e6892d3042,"El VIN del pedido y anticipo no coincide con la factura, el VIN de la factura es la correcta",6dd682e7-079c-4f0e-ae52-b4e347b2c2b6,MEDIA,WHATSAPP
160,Fallo de audio en laptop,Cerrado,2026-04-14 11:18,a523ecff-d8be-48b2-b824-c1b82753b0ba,e8a85678-13b0-4977-b0cb-5255f43ab9c7,Estoy en junta y no puedo escuchar lo que dicen,6dd682e7-079c-4f0e-ae52-b4e347b2c2b6,MEDIA,WHATSAPP
356,Mal configuración de impresión.,Cerrado,2026-06-10 13:21,a523ecff-d8be-48b2-b824-c1b82753b0ba,95717a85-3c2a-409f-9f9e-237db83aed01,Las impresiones tardan en salir.,6dd682e7-079c-4f0e-ae52-b4e347b2c2b6,MEDIA,WHATSAPP
288,Impresora mal configurada,Cerrado,2026-05-25 13:38,a523ecff-d8be-48b2-b824-c1b82753b0ba,95717a85-3c2a-409f-9f9e-237db83aed01,"Buenas tardes quisiera que me apoyasen con la impresora de  Refacciones, mando un documento a imprimir y me aparece que cargue papel tamaño oficio, pero lo quiero en tamaño carta.",6dd682e7-079c-4f0e-ae52-b4e347b2c2b6,MEDIA,WHATSAPP
323,Audio robotizado en teléfono IP,Cerrado,2026-05-28 12:22,a523ecff-d8be-48b2-b824-c1b82753b0ba,adcf7bdd-7901-4901-bc10-10a64870cc56,El audio del teléfono se escucha robotizado y con distorsión.,6dd682e7-079c-4f0e-ae52-b4e347b2c2b6,MEDIA,WHATSAPP
548,Problemas de red,Cerrado,2026-07-24 12:00,a523ecff-d8be-48b2-b824-c1b82753b0ba,ec4ff3dc-3bef-4615-a7be-8b5e0cd99d0e,La laptop de la gerente de refacciones no se conecta a la red vía Ethernet.,6dd682e7-079c-4f0e-ae52-b4e347b2c2b6,MEDIA,WHATSAPP
499,Instalar VPN,Cerrado,2026-07-11 10:03,a523ecff-d8be-48b2-b824-c1b82753b0ba,498c68ae-c54a-4937-8df3-f1a55ebc7ae1,Instalar la VPN en la laptop de la gerente de Refacciones.,6dd682e7-079c-4f0e-ae52-b4e347b2c2b6,MEDIA,WHATSAPP
196,Descarga lenta en Whatsapp web,Cerrado,2026-04-24 18:14,a523ecff-d8be-48b2-b824-c1b82753b0ba,b81e6e79-52ad-4d29-9ff8-ca739cbe2e1c,"Me podrían apoyar, las descargas se alentan en whatsapp web y al abrir un PDF tarda en abrir.",6dd682e7-079c-4f0e-ae52-b4e347b2c2b6,MEDIA,WHATSAPP
501,Actualizar contraseña de correo,Cerrado,2026-07-11 10:41,a523ecff-d8be-48b2-b824-c1b82753b0ba,06aa988c-5049-4b52-a6a4-d5d22d305062,Al realizar un envío a un correo aparece el anuncio de que se necesita actualizar la contraseña del correo.,6dd682e7-079c-4f0e-ae52-b4e347b2c2b6,MEDIA,WHATSAPP
500,Instalar Thunderbird,Cerrado,2026-07-11 10:31,a523ecff-d8be-48b2-b824-c1b82753b0ba,06aa988c-5049-4b52-a6a4-d5d22d305062,Se requiere de la instalación del software Thunderbird para poder gestionar y utilizar su correo.,6dd682e7-079c-4f0e-ae52-b4e347b2c2b6,MEDIA,WHATSAPP
326,Optimizar laptop,Cerrado,2026-05-28 14:32,a523ecff-d8be-48b2-b824-c1b82753b0ba,06aa988c-5049-4b52-a6a4-d5d22d305062,El programa Thunderbird se ralentiza al abrir corres y archivos adjuntos.,6dd682e7-079c-4f0e-ae52-b4e347b2c2b6,MEDIA,WHATSAPP
289,Restablecer contraseña Dealer Daily,Cerrado,2026-05-25 18:23,a523ecff-d8be-48b2-b824-c1b82753b0ba,1d314185-1a17-41c7-959b-bcb188a5dba7,Restablecer contraseña Dealer Daily,6dd682e7-079c-4f0e-ae52-b4e347b2c2b6,MEDIA,WHATSAPP
224,Agregar Colonia,Cerrado,2026-04-28 18:26,a523ecff-d8be-48b2-b824-c1b82753b0ba,a494c538-2006-42c8-abb7-99e6892d3042,dar de alta la COLONIA JOYAS DEL MAR CP 40050 ,6dd682e7-079c-4f0e-ae52-b4e347b2c2b6,MEDIA,WHATSAPP
167,No se pueden bajar archivos de Quiter,Cerrado,2026-03-27 12:00,a523ecff-d8be-48b2-b824-c1b82753b0ba,a494c538-2006-42c8-abb7-99e6892d3042,Al querer descargar factura de Quiter no carga el QBrowser,6dd682e7-079c-4f0e-ae52-b4e347b2c2b6,MEDIA,WHATSAPP
109,Agregar Vendedor de Almacen,Cerrado,2026-03-19 18:28,a523ecff-d8be-48b2-b824-c1b82753b0ba,a494c538-2006-42c8-abb7-99e6892d3042,Agregar a DALIA como vendedora de almacén ,6dd682e7-079c-4f0e-ae52-b4e347b2c2b6,MEDIA,WHATSAPP
265,Fallo en aplicativo de whatsapp en PC,Cerrado,2026-05-19 18:46,12cae4f3-3a53-4632-ae65-1bf3169f0b99,b81e6e79-52ad-4d29-9ff8-ca739cbe2e1c,"Me apoyan con el whatsapp de la PC de nuestra ex compañera Marahi por favor, tratamos de ingresar el whatsapp del área de siniestros y nos aparece una pantalla de inicio de sesión pero de Facebook y no queremos eso.",6dd682e7-079c-4f0e-ae52-b4e347b2c2b6,MEDIA,WHATSAPP
559,Actualización de contraseña TIS,Cerrado,2026-07-27 17:30,12cae4f3-3a53-4632-ae65-1bf3169f0b99,1d314185-1a17-41c7-959b-bcb188a5dba7,Actualizar contraseña de la plataforma TIS.,6dd682e7-079c-4f0e-ae52-b4e347b2c2b6,MEDIA,WHATSAPP
125,Reposición de contraseña Dealer Daily,Cerrado,2026-04-01 12:00,12cae4f3-3a53-4632-ae65-1bf3169f0b99,1d314185-1a17-41c7-959b-bcb188a5dba7,"Necesito que me apoyen restableciendo mi contraseña de Dealer, ya que no tengo el dato y necesito acceder.",6dd682e7-079c-4f0e-ae52-b4e347b2c2b6,MEDIA,WHATSAPP
629,Agregar correo en Thunderbird,Cerrado,2026-08-13 12:00,6dd682e7-079c-4f0e-ae52-b4e347b2c2b6,06aa988c-5049-4b52-a6a4-d5d22d305062,Agregar correo personal en el programa Thunderbird.,6dd682e7-079c-4f0e-ae52-b4e347b2c2b6,MEDIA,WHATSAPP
211,Limpieza de teclado,Cerrado,2026-04-28 14:02,6d6e698f-d882-49dd-ab71-1954ebf168c0,e8a85678-13b0-4977-b0cb-5255f43ab9c7,"Buenas tardes, si me podrían apoyar limpiando mi teclado, sin querer derramé chocolate caliente y alcanzó a llegar directamente al teclado.",6dd682e7-079c-4f0e-ae52-b4e347b2c2b6,MEDIA,WHATSAPP
325,Implementación y configuración de entorno piloto para transmisión en vivo de servicio automotriz,Cerrado,2026-05-27 12:00,6d6e698f-d882-49dd-ab71-1954ebf168c0,b81e6e79-52ad-4d29-9ff8-ca739cbe2e1c,"Se realizó la implementación y configuración inicial de un entorno piloto para transmisión en vivo del proceso de servicio automotriz, con el objetivo de permitir al cliente visualizar en tiempo real los trabajos realizados por el técnico.

Actividades realizadas:

 	* Configuración de plataforma de transmisión mediante VDO ninja para captura de video desde dispositivo móvil.
 	* Configuración de OBS como consola de administración y producción visual.
 	* Integración de señal de video del técnico hacia OBS mediante Browser Source.
 	* Configuración de cámara virtual de OBS para transmisión a través de Zoom
 	* Implementación de overlays institucionales (logo y elementos visuales).
 	* Ajustes de orientación y visualización de video para corrección de efecto espejo.
 	* Configuración y validación de audio del técnico durante la transmisión.
 	* Realización de pruebas funcionales de transmisión en tiempo real entre técnico, administración y cliente.",6dd682e7-079c-4f0e-ae52-b4e347b2c2b6,MEDIA,WHATSAPP
638,Restablecer contraseña en 3CX,Cerrado,2026-08-15 13:56,6d6e698f-d882-49dd-ab71-1954ebf168c0,d668000c-da87-4bd2-9a6f-2b1aceed3e56,Restablecer la contraseña del perfil 3CX al solicitante.,6dd682e7-079c-4f0e-ae52-b4e347b2c2b6,MEDIA,WHATSAPP
565,Grabación 3CX,Cerrado,2026-07-28 12:00,6d6e698f-d882-49dd-ab71-1954ebf168c0,d668000c-da87-4bd2-9a6f-2b1aceed3e56,Grabaciones de los números 7411316502 y 7411201317.,6dd682e7-079c-4f0e-ae52-b4e347b2c2b6,MEDIA,WHATSAPP
581,VPN no conecta,Cerrado,2026-08-04 12:00,38ff7dc3-36bd-41a9-b6b6-84c18d010b67,498c68ae-c54a-4937-8df3-f1a55ebc7ae1,Al activar la VPN no deja conectarse.,6dd682e7-079c-4f0e-ae52-b4e347b2c2b6,MEDIA,WHATSAPP
633,Nuevo perfil para constancia de SAT,Cerrado,2026-08-14 11:21,38ff7dc3-36bd-41a9-b6b6-84c18d010b67,b81e6e79-52ad-4d29-9ff8-ca739cbe2e1c,Nuevo perfil para consultar constancias del SAT.,6dd682e7-079c-4f0e-ae52-b4e347b2c2b6,MEDIA,WHATSAPP
444,Contraseña Quiter y Dealer,Cerrado,2026-06-25 12:00,38ff7dc3-36bd-41a9-b6b6-84c18d010b67,b81e6e79-52ad-4d29-9ff8-ca739cbe2e1c,Actualizar contraseñas de Quiter y Dealer al solicitante.,6dd682e7-079c-4f0e-ae52-b4e347b2c2b6,MEDIA,WHATSAPP
551,Telegram ID,Cerrado,2026-07-25 12:00,38ff7dc3-36bd-41a9-b6b6-84c18d010b67,64bf87a9-74df-414c-997e-501faff5b8f9,Enlazar Telegram con la página Control.,6dd682e7-079c-4f0e-ae52-b4e347b2c2b6,MEDIA,WHATSAPP
446,Asignar contraseña de correo,Cerrado,2026-06-27 12:24,38ff7dc3-36bd-41a9-b6b6-84c18d010b67,06aa988c-5049-4b52-a6a4-d5d22d305062,Se le asigna la contraseña al usuario de Ventas en Ometepec.,6dd682e7-079c-4f0e-ae52-b4e347b2c2b6,MEDIA,WHATSAPP
550,Actualización de contraseña Dealer Daily,Cerrado,2026-07-25 12:00,38ff7dc3-36bd-41a9-b6b6-84c18d010b67,1d314185-1a17-41c7-959b-bcb188a5dba7,Actualizar contraseña Dealer al usuario de ventas.,6dd682e7-079c-4f0e-ae52-b4e347b2c2b6,MEDIA,WHATSAPP
626,Corrección de datos de cliente en Quiter,Cerrado,2026-08-13 11:25,38ff7dc3-36bd-41a9-b6b6-84c18d010b67,a494c538-2006-42c8-abb7-99e6892d3042,"Corrección de dirección en los datos del cliente, ya que no se puede agregar más caracteres en el campo de dirección.",6dd682e7-079c-4f0e-ae52-b4e347b2c2b6,MEDIA,WHATSAPP
523,Tóner para impresora,Cerrado,2026-07-17 14:16,bcf41262-1f57-4851-8775-5eb87d7ee854,95717a85-3c2a-409f-9f9e-237db83aed01,Compra de tóner para Refacciones Chilpancingo.,6dd682e7-079c-4f0e-ae52-b4e347b2c2b6,MEDIA,WHATSAPP
363,Impresora inhabilitada,Cerrado,2026-06-12 12:30,bcf41262-1f57-4851-8775-5eb87d7ee854,95717a85-3c2a-409f-9f9e-237db83aed01,La impresora de Refacciones Chilpo quedó inhabilitada y está conectada por cable USB,6dd682e7-079c-4f0e-ae52-b4e347b2c2b6,MEDIA,WHATSAPP
94,Cambio de tóner para Chilpancingo impresora HP Refacciones,Cerrado,2026-03-19 13:03,bcf41262-1f57-4851-8775-5eb87d7ee854,95717a85-3c2a-409f-9f9e-237db83aed01,Necesito un cambio de tóner para el área de refacciones en chilpancingo,6dd682e7-079c-4f0e-ae52-b4e347b2c2b6,MEDIA,WHATSAPP
665,No se puede iniciar sesion en windows,Cerrado,2026-08-24 12:00,bcf41262-1f57-4851-8775-5eb87d7ee854,cd7fcce8-b88c-4d12-be9e-bb3e391c4b82,Sale el siguiente error: La cuenta esta bloqueada,6dd682e7-079c-4f0e-ae52-b4e347b2c2b6,MEDIA,WHATSAPP
342,Restablecer contraseña Mimetiza,Cerrado,2026-06-03 17:30,bcf41262-1f57-4851-8775-5eb87d7ee854,b81e6e79-52ad-4d29-9ff8-ca739cbe2e1c,Se requiere restablecer contraseña en el portal de Mimetiza.,6dd682e7-079c-4f0e-ae52-b4e347b2c2b6,MEDIA,WHATSAPP
666,Error al timbrar anticipo de refacciones,Cerrado,2026-08-24 12:00,bcf41262-1f57-4851-8775-5eb87d7ee854,a494c538-2006-42c8-abb7-99e6892d3042,Error por nombre o RFC ,6dd682e7-079c-4f0e-ae52-b4e347b2c2b6,MEDIA,WHATSAPP
361,No genera anticipo,Cerrado,2026-06-10 13:21,bcf41262-1f57-4851-8775-5eb87d7ee854,a494c538-2006-42c8-abb7-99e6892d3042,"Se colocan los datos de la persona a quien se le hará el anticipo, pero no le deja timbrar. ",6dd682e7-079c-4f0e-ae52-b4e347b2c2b6,MEDIA,WHATSAPP
293,Pago no timbra en Quiter,Cerrado,2026-05-26 12:00,bcf41262-1f57-4851-8775-5eb87d7ee854,a494c538-2006-42c8-abb7-99e6892d3042,"Me podrían apoyar con un anticipo, no me deja timbrar y tengo que llevarlo a cabo para que pase directamente a Caja.",6dd682e7-079c-4f0e-ae52-b4e347b2c2b6,MEDIA,WHATSAPP
165,Error al timbrar anticipo,Cerrado,2026-04-02 12:00,bcf41262-1f57-4851-8775-5eb87d7ee854,a494c538-2006-42c8-abb7-99e6892d3042,Al querer timbrar un anticipo marca un Error PAC porque no coincide el nombre con el RFC,6dd682e7-079c-4f0e-ae52-b4e347b2c2b6,MEDIA,WHATSAPP
33,Problemas de timbrado en Quiter,Cerrado,2026-03-04 12:00,bcf41262-1f57-4851-8775-5eb87d7ee854,a494c538-2006-42c8-abb7-99e6892d3042,"Tengo dificultades en acceder información de una persona, me timbrea al momento de ingresar los datos",6dd682e7-079c-4f0e-ae52-b4e347b2c2b6,MEDIA,WHATSAPP
445,Carpeta compartida Nextcloud,Cerrado,2026-06-25 13:38,3d5c7a32-f502-40cc-8214-a545e068cbbc,20e62295-6c41-4fc3-b1e0-849f1fcd8238,"Compartir carpeta de Nextcloud con: 

 	* Pablo Marín
 	* Ángel Ocaña
 	* Yessenia Molina
 	* Blanca Azucena Olvera",6dd682e7-079c-4f0e-ae52-b4e347b2c2b6,MEDIA,WHATSAPP
442,Teléfono IP no se escucha,Cerrado,2026-06-26 13:13,3d5c7a32-f502-40cc-8214-a545e068cbbc,adcf7bdd-7901-4901-bc10-10a64870cc56,"No se escuchan las llamadas, tanto realizarlas como recibirlas.",6dd682e7-079c-4f0e-ae52-b4e347b2c2b6,MEDIA,WHATSAPP
339,Rose en camioneta blanca,Cerrado,2026-06-01 12:00,524bf70c-7783-4b78-9a90-9fb2e72ac32f,e8a85678-13b0-4977-b0cb-5255f43ab9c7,Checar las cámaras del área de servicio y taller para visualizar el estado de una camioneta blanca,6dd682e7-079c-4f0e-ae52-b4e347b2c2b6,MEDIA,WHATSAPP
570,Impresora mal configurada,Cerrado,2026-07-29 12:27,524bf70c-7783-4b78-9a90-9fb2e72ac32f,95717a85-3c2a-409f-9f9e-237db83aed01,"Al realizar una impresión la impresora detectaba un cambio de formato, de Carta a A4.",6dd682e7-079c-4f0e-ae52-b4e347b2c2b6,MEDIA,WHATSAPP
413,No se escuchan las llamadas en teléfono IP,Cerrado,2026-06-22 11:46,524bf70c-7783-4b78-9a90-9fb2e72ac32f,adcf7bdd-7901-4901-bc10-10a64870cc56,Las llamadas en el teléfono no se escuchan o las llamadas se desvían.,6dd682e7-079c-4f0e-ae52-b4e347b2c2b6,MEDIA,WHATSAPP
394,Teléfono se escucha robotizado,Cerrado,2026-06-18 12:00,524bf70c-7783-4b78-9a90-9fb2e72ac32f,adcf7bdd-7901-4901-bc10-10a64870cc56,Al momento de hacer y recibir llamadas se escucha robotizado,6dd682e7-079c-4f0e-ae52-b4e347b2c2b6,MEDIA,WHATSAPP
45,Problema de audio Teléfono IP,Cerrado,2026-03-06 12:00,524bf70c-7783-4b78-9a90-9fb2e72ac32f,adcf7bdd-7901-4901-bc10-10a64870cc56,Mi teléfono suena con interferencia al hacer y recibir llamadas,6dd682e7-079c-4f0e-ae52-b4e347b2c2b6,MEDIA,WHATSAPP
39,Mal audio en teléfono IP,Cerrado,2026-03-06 12:00,524bf70c-7783-4b78-9a90-9fb2e72ac32f,adcf7bdd-7901-4901-bc10-10a64870cc56,"Dificultades para escuchar el teléfono al momento de recibir y hacer llamadas, se escucha un poco de interferencia ",6dd682e7-079c-4f0e-ae52-b4e347b2c2b6,MEDIA,WHATSAPP
306,Nuevo registro en pagina XNUUP,Cerrado,2026-05-20 12:00,524bf70c-7783-4b78-9a90-9fb2e72ac32f,b81e6e79-52ad-4d29-9ff8-ca739cbe2e1c,Se requiere enviar correo a la aseguradora Qualitas para dar de alta a un nuevo usuario en la plataforma XNUUP,6dd682e7-079c-4f0e-ae52-b4e347b2c2b6,MEDIA,WHATSAPP
624,Pago de cancelación sigue visible,Cerrado,2026-08-10 12:00,524bf70c-7783-4b78-9a90-9fb2e72ac32f,64bf87a9-74df-414c-997e-501faff5b8f9,El pago de cancelación sigue visible aun cuando ya se autorizó la cancelación y terminó su proceso.,6dd682e7-079c-4f0e-ae52-b4e347b2c2b6,MEDIA,WHATSAPP
67,Asignar cuenta Dealer Dayli,Cerrado,2026-03-10 12:00,524bf70c-7783-4b78-9a90-9fb2e72ac32f,1d314185-1a17-41c7-959b-bcb188a5dba7,Necesito que coloquen mi cuenta Dealer en mi PC ya que no me deja acceder a la pagina,6dd682e7-079c-4f0e-ae52-b4e347b2c2b6,MEDIA,WHATSAPP
625,Alta de colonia en Quiter,Cerrado,2026-08-13 11:21,524bf70c-7783-4b78-9a90-9fb2e72ac32f,a494c538-2006-42c8-abb7-99e6892d3042,Agregar colonia en Quiter.,6dd682e7-079c-4f0e-ae52-b4e347b2c2b6,MEDIA,WHATSAPP
303,Agregar Colonia,Cerrado,2026-05-21 17:07,524bf70c-7783-4b78-9a90-9fb2e72ac32f,a494c538-2006-42c8-abb7-99e6892d3042,"Agregar la colonia 24 DE FEBRERO

CP 40080",6dd682e7-079c-4f0e-ae52-b4e347b2c2b6,MEDIA,WHATSAPP
274,Alta de colonia,Cerrado,2026-05-22 18:43,524bf70c-7783-4b78-9a90-9fb2e72ac32f,a494c538-2006-42c8-abb7-99e6892d3042,"Buenas tardes, me podrían apoyar agregando una nueva colonia por favor.",6dd682e7-079c-4f0e-ae52-b4e347b2c2b6,MEDIA,WHATSAPP
270,Agregar colonia en Quiter,Cerrado,2026-05-21 17:46,524bf70c-7783-4b78-9a90-9fb2e72ac32f,a494c538-2006-42c8-abb7-99e6892d3042,"Buenas tardes, quisiera que me agregaran una nueva colonia en Quiter por favor",6dd682e7-079c-4f0e-ae52-b4e347b2c2b6,MEDIA,WHATSAPP
170,Corregir apellido de cliente,Cerrado,2026-04-07 12:00,524bf70c-7783-4b78-9a90-9fb2e72ac32f,a494c538-2006-42c8-abb7-99e6892d3042,Corregir el apellido de la cuenta personal 91320 GUINTOO POR GUINTO,6dd682e7-079c-4f0e-ae52-b4e347b2c2b6,MEDIA,WHATSAPP
169,Agregar vendedora de almacen,Cerrado,2026-03-30 12:00,524bf70c-7783-4b78-9a90-9fb2e72ac32f,a494c538-2006-42c8-abb7-99e6892d3042,Agregar a Karina Diaz como vendedora de almacen,6dd682e7-079c-4f0e-ae52-b4e347b2c2b6,MEDIA,WHATSAPP
168,Homónimo en Quiter,Cerrado,2026-03-27 12:00,524bf70c-7783-4b78-9a90-9fb2e72ac32f,a494c538-2006-42c8-abb7-99e6892d3042,Necesitan Crear una cuenta personal pero ya existe otro cliente con ese nombre,6dd682e7-079c-4f0e-ae52-b4e347b2c2b6,MEDIA,WHATSAPP
82,Agregar colonia,Cerrado,2026-03-13 16:33,524bf70c-7783-4b78-9a90-9fb2e72ac32f,a494c538-2006-42c8-abb7-99e6892d3042,agregar OTRA NO ESPECIFICADA EN EL CATALOGO en el CP 39074,6dd682e7-079c-4f0e-ae52-b4e347b2c2b6,MEDIA,WHATSAPP
30,Agregar Colonia,Cerrado,2026-03-04 09:18,524bf70c-7783-4b78-9a90-9fb2e72ac32f,a494c538-2006-42c8-abb7-99e6892d3042,Agregar la colonia CAMPO DE GOLF con CP 23405,6dd682e7-079c-4f0e-ae52-b4e347b2c2b6,MEDIA,WHATSAPP
24,Añadir colonia,Cerrado,2026-03-04 09:20,524bf70c-7783-4b78-9a90-9fb2e72ac32f,a494c538-2006-42c8-abb7-99e6892d3042,Se requiere añadir la colonia Campo de Golf con CP 23405,6dd682e7-079c-4f0e-ae52-b4e347b2c2b6,MEDIA,WHATSAPP
418,Formato de impresión distinto,Cerrado,2026-06-23 10:15,fed83ea0-5af8-487e-a367-d439ddf43731,95717a85-3c2a-409f-9f9e-237db83aed01,Al momento de imprimir el formato de la página se cambia en automático.,6dd682e7-079c-4f0e-ae52-b4e347b2c2b6,MEDIA,WHATSAPP
272,Error al imprimir,Cerrado,2026-05-22 11:38,fed83ea0-5af8-487e-a367-d439ddf43731,95717a85-3c2a-409f-9f9e-237db83aed01,"Buenos días, necesito que me apoyen con la impresora, mando algo y marca error con el foco rojo en la pantalla y tengo clientes que atender.",6dd682e7-079c-4f0e-ae52-b4e347b2c2b6,MEDIA,WHATSAPP
512,Botón F12 no realiza guardado en Quiter,Cerrado,2026-07-14 12:00,fed83ea0-5af8-487e-a367-d439ddf43731,cd7fcce8-b88c-4d12-be9e-bb3e391c4b82,"Al pulsar F12 guarda todo el progreso de la actividad en Quiter, pero ahora al pulsar se bloquea la PC.",6dd682e7-079c-4f0e-ae52-b4e347b2c2b6,MEDIA,WHATSAPP
242,Tecla F12,Cerrado,2026-05-06 14:03,fed83ea0-5af8-487e-a367-d439ddf43731,cd7fcce8-b88c-4d12-be9e-bb3e391c4b82,"Me podrían apoyar por favor, antes en Quiter guardaba mi progreso con el botón F12 pero ahora al presionarlo me bloquea la PC y tengo que volver a colocar la contraseña para desbloquearlo, me podrían apoyar por favor.",6dd682e7-079c-4f0e-ae52-b4e347b2c2b6,MEDIA,WHATSAPP
175,Alta de usuario para bóveda Chilpancingo,Cerrado,2026-04-15 12:00,fed83ea0-5af8-487e-a367-d439ddf43731,64bf87a9-74df-414c-997e-501faff5b8f9,Me apoyan dándome de alta un usuario para acceder a la bóveda de Chilpancingo,6dd682e7-079c-4f0e-ae52-b4e347b2c2b6,MEDIA,WHATSAPP
146,Restablecer credenciales Bóveda,Cerrado,2026-04-07 12:00,fed83ea0-5af8-487e-a367-d439ddf43731,64bf87a9-74df-414c-997e-501faff5b8f9,"Buenas, necesito que me actualicen mis contraseñas de boveda, ya que cambie de equipo y no me acuerdo de la contraseña",6dd682e7-079c-4f0e-ae52-b4e347b2c2b6,MEDIA,WHATSAPP
397,Ajuste de hojas,Cerrado,2026-06-19 18:52,fed83ea0-5af8-487e-a367-d439ddf43731,68a65a63-f86b-4e69-b1e0-7ac1d7e9b373,"Ajustar las hojas al momento de imprimir en Excel, la impresora detecta otro tipo de tamaño y por eso no imprime.",6dd682e7-079c-4f0e-ae52-b4e347b2c2b6,MEDIA,WHATSAPP
642,Aumento de metálicos,Cerrado,2026-08-17 11:58,fed83ea0-5af8-487e-a367-d439ddf43731,a494c538-2006-42c8-abb7-99e6892d3042,Aumento de metálicos.,6dd682e7-079c-4f0e-ae52-b4e347b2c2b6,MEDIA,WHATSAPP
630,Aumento de metálicos,Cerrado,2026-08-13 12:00,fed83ea0-5af8-487e-a367-d439ddf43731,a494c538-2006-42c8-abb7-99e6892d3042,Aumento de metálicos.,6dd682e7-079c-4f0e-ae52-b4e347b2c2b6,MEDIA,WHATSAPP
628,Aumento de metálicos,Cerrado,2026-08-13 18:45,fed83ea0-5af8-487e-a367-d439ddf43731,a494c538-2006-42c8-abb7-99e6892d3042,Aumento de metálicos.,6dd682e7-079c-4f0e-ae52-b4e347b2c2b6,MEDIA,WHATSAPP
627,Ampliación de metálicos,Cerrado,2026-08-13 18:41,fed83ea0-5af8-487e-a367-d439ddf43731,a494c538-2006-42c8-abb7-99e6892d3042,Ampliación de metálicos.,6dd682e7-079c-4f0e-ae52-b4e347b2c2b6,MEDIA,WHATSAPP
618,Aumento de metálicos,Cerrado,2026-08-12 11:24,fed83ea0-5af8-487e-a367-d439ddf43731,a494c538-2006-42c8-abb7-99e6892d3042,Aumento de efectivo.,6dd682e7-079c-4f0e-ae52-b4e347b2c2b6,MEDIA,WHATSAPP
603,Aumento de metálicos,Cerrado,2026-08-07 12:00,fed83ea0-5af8-487e-a367-d439ddf43731,a494c538-2006-42c8-abb7-99e6892d3042,Aumento de efectivo.,6dd682e7-079c-4f0e-ae52-b4e347b2c2b6,MEDIA,WHATSAPP
578,Operación de caja no deja timbrar,Cerrado,2026-07-30 12:00,fed83ea0-5af8-487e-a367-d439ddf43731,a494c538-2006-42c8-abb7-99e6892d3042,Al querer realizar una operación de un cliente no deja timbrar la orden.,6dd682e7-079c-4f0e-ae52-b4e347b2c2b6,MEDIA,WHATSAPP
521,Aumento de metálicos,Cerrado,2026-07-17 13:32,fed83ea0-5af8-487e-a367-d439ddf43731,a494c538-2006-42c8-abb7-99e6892d3042,Aumento de efectivo.,6dd682e7-079c-4f0e-ae52-b4e347b2c2b6,MEDIA,WHATSAPP
467,Aumento de metálicos,Cerrado,2026-07-02 18:38,fed83ea0-5af8-487e-a367-d439ddf43731,a494c538-2006-42c8-abb7-99e6892d3042,Requieren un aumento en los metálicos para realizar una operación dentro de caja.,6dd682e7-079c-4f0e-ae52-b4e347b2c2b6,MEDIA,WHATSAPP
365,Aumento de metálicos,Cerrado,2026-06-12 12:51,fed83ea0-5af8-487e-a367-d439ddf43731,a494c538-2006-42c8-abb7-99e6892d3042,Se requiere de un aumento para realizar una operación en caja,6dd682e7-079c-4f0e-ae52-b4e347b2c2b6,MEDIA,WHATSAPP
267,Aumento de metálicos,Cerrado,2026-05-21 10:28,fed83ea0-5af8-487e-a367-d439ddf43731,a494c538-2006-42c8-abb7-99e6892d3042,"Buenas compañero, me puedes apoyar aumentando los metálicos en Quiter por favor",6dd682e7-079c-4f0e-ae52-b4e347b2c2b6,MEDIA,WHATSAPP
259,Aumento de metálicos,Cerrado,2026-05-13 12:00,fed83ea0-5af8-487e-a367-d439ddf43731,a494c538-2006-42c8-abb7-99e6892d3042,"Buenas tardes, quisiera que me apoyen aumentando el presupuesto de métricos por favor",6dd682e7-079c-4f0e-ae52-b4e347b2c2b6,MEDIA,WHATSAPP
228,Aumento de metálicos,Cerrado,2026-04-29 11:54,fed83ea0-5af8-487e-a367-d439ddf43731,a494c538-2006-42c8-abb7-99e6892d3042,"Buenas, quisiera que me apoyasen extender el presupuesto de metálicos para poder proceder con la operación.",6dd682e7-079c-4f0e-ae52-b4e347b2c2b6,MEDIA,WHATSAPP
66,Cuenta persona Quiter,Cerrado,2026-03-10 12:00,fed83ea0-5af8-487e-a367-d439ddf43731,a494c538-2006-42c8-abb7-99e6892d3042,"Al momento de hacer la cobranza me aparece error, me di cuenta que la cuenta está en ""CLIENTE POTENCIAL"" y necesito que me lo cambies a ""PERSONA"" por favor",6dd682e7-079c-4f0e-ae52-b4e347b2c2b6,MEDIA,WHATSAPP
44,Cambiar forma de pago a cliente,Cerrado,2026-03-05 12:00,fed83ea0-5af8-487e-a367-d439ddf43731,a494c538-2006-42c8-abb7-99e6892d3042,Cambio el tipo de pago al cliente 173674 actualmente esta como CREDITO cambiar a CONTADO,6dd682e7-079c-4f0e-ae52-b4e347b2c2b6,MEDIA,WHATSAPP
355,Sustitución de caja para nodo de red,Cerrado,2026-06-10 10:38,fed83ea0-5af8-487e-a367-d439ddf43731,ec4ff3dc-3bef-4615-a7be-8b5e0cd99d0e,Solicitaron apoyo para retirar la caja en donde se encuentra uno de los nodos de red para poder organizar adecuadamente los cables en el área de caja.,6dd682e7-079c-4f0e-ae52-b4e347b2c2b6,MEDIA,WHATSAPP
539,Error al imprimir,Cerrado,2026-07-22 11:41,efabbfac-8c22-4592-a706-4f051f96aa5d,95717a85-3c2a-409f-9f9e-237db83aed01,Al imprimir un documento no salen y permanecen en la cola de espera.,6dd682e7-079c-4f0e-ae52-b4e347b2c2b6,MEDIA,WHATSAPP
431,Laptop no reconoce la impresora,Cerrado,2026-06-24 12:00,efabbfac-8c22-4592-a706-4f051f96aa5d,95717a85-3c2a-409f-9f9e-237db83aed01,"Al querer imprimir un archivo, la laptop no reconoce ninguna impresora.",6dd682e7-079c-4f0e-ae52-b4e347b2c2b6,MEDIA,WHATSAPP
254,Cambio de tóner a impresora de Financiamiento,Cerrado,2026-05-11 18:35,efabbfac-8c22-4592-a706-4f051f96aa5d,95717a85-3c2a-409f-9f9e-237db83aed01,"Buenas tardes, requerimos de un cambio de tóner para la impresora de Financiamiento",6dd682e7-079c-4f0e-ae52-b4e347b2c2b6,MEDIA,WHATSAPP
83,Impresora no escanea ni imprime,Cerrado,2026-03-13 19:05,efabbfac-8c22-4592-a706-4f051f96aa5d,95717a85-3c2a-409f-9f9e-237db83aed01,La impresora tarda en imprimir y en escanear,6dd682e7-079c-4f0e-ae52-b4e347b2c2b6,MEDIA,WHATSAPP
494,Cámara no se activa en las videoconferencias,Cerrado,2026-07-10 09:41,efabbfac-8c22-4592-a706-4f051f96aa5d,cd7fcce8-b88c-4d12-be9e-bb3e391c4b82,Al momento de entrar a una reunión la cámara de la laptop no enciende.,6dd682e7-079c-4f0e-ae52-b4e347b2c2b6,MEDIA,WHATSAPP
448,Laptop no muestra imagen,Cerrado,2026-06-27 09:45,efabbfac-8c22-4592-a706-4f051f96aa5d,cd7fcce8-b88c-4d12-be9e-bb3e391c4b82,Al encender el equipo no muestra la pantalla de bloqueo.,6dd682e7-079c-4f0e-ae52-b4e347b2c2b6,MEDIA,WHATSAPP
70,Laptop bloqueada,Cerrado,2026-03-11 09:00,efabbfac-8c22-4592-a706-4f051f96aa5d,cd7fcce8-b88c-4d12-be9e-bb3e391c4b82,"Hola buenos días, necesito que me apoyen desbloqueando mi laptop, la encendí y al momento de aparecer la imagen de inicio se queda trabado, no me deja colocar la contraseña de la laptop para continuar con mis actividades",6dd682e7-079c-4f0e-ae52-b4e347b2c2b6,MEDIA,WHATSAPP
110,Actualizar firma de correo,Cerrado,2026-03-23 16:47,efabbfac-8c22-4592-a706-4f051f96aa5d,8b30ba2f-8722-4a3d-ba03-d57849a85710,"Actualizar la firma de GABRIELA PARRA
Puesto: Coordinadora de F&I

Ext: 0146",6dd682e7-079c-4f0e-ae52-b4e347b2c2b6,MEDIA,WHATSAPP
102,Actualización de firma,Cerrado,2026-03-23 16:27,efabbfac-8c22-4592-a706-4f051f96aa5d,8b30ba2f-8722-4a3d-ba03-d57849a85710,Cambiar el puesto de la firma,6dd682e7-079c-4f0e-ae52-b4e347b2c2b6,MEDIA,WHATSAPP
579,Dealer Daily no carga,Cerrado,2026-08-05 11:40,efabbfac-8c22-4592-a706-4f051f96aa5d,1d314185-1a17-41c7-959b-bcb188a5dba7,La plataforma de Dealer no carga.,6dd682e7-079c-4f0e-ae52-b4e347b2c2b6,MEDIA,WHATSAPP
198,Fallos en la página de Dealer,Cerrado,2026-04-27 11:26,efabbfac-8c22-4592-a706-4f051f96aa5d,1d314185-1a17-41c7-959b-bcb188a5dba7,"Tenemos fallos con la pagina de Dealer, no nos carga ningún modulo y necesitamos checar el modulo del inventario de los vehículos",6dd682e7-079c-4f0e-ae52-b4e347b2c2b6,MEDIA,WHATSAPP
187,Pagina Dealer no carga,Cerrado,2026-04-22 09:34,efabbfac-8c22-4592-a706-4f051f96aa5d,1d314185-1a17-41c7-959b-bcb188a5dba7,"Buenos días, intento ingresar a la pagina de Dealer con el usuario de la señorita Lucia pero no me carga la pagina, aparece en blanco y no me carga ningún menú ni nada.",6dd682e7-079c-4f0e-ae52-b4e347b2c2b6,MEDIA,WHATSAPP
597,Quiter no abre,Cerrado,2026-08-06 12:00,efabbfac-8c22-4592-a706-4f051f96aa5d,a494c538-2006-42c8-abb7-99e6892d3042,Al querer acceder a Quiter aparece un error en donde la sesión expiró.,6dd682e7-079c-4f0e-ae52-b4e347b2c2b6,MEDIA,WHATSAPP
640,Actualizar Nextcloud,Cerrado,2026-08-17 09:51,a870390e-3585-49e0-b72a-9d4886c5465f,20e62295-6c41-4fc3-b1e0-849f1fcd8238,Actualizar Nextcloud en PC del Admin de ventas.,6dd682e7-079c-4f0e-ae52-b4e347b2c2b6,MEDIA,WHATSAPP
213,Agregar carpeta Ley Antilavado,Cerrado,2026-04-20 17:11,a870390e-3585-49e0-b72a-9d4886c5465f,20e62295-6c41-4fc3-b1e0-849f1fcd8238,Agregar carpeta Expedientes Ley Antilavado al usuario vpinena ,6dd682e7-079c-4f0e-ae52-b4e347b2c2b6,MEDIA,WHATSAPP
189,Restricción de carpeta,Cerrado,2026-04-22 14:02,a870390e-3585-49e0-b72a-9d4886c5465f,20e62295-6c41-4fc3-b1e0-849f1fcd8238,"Quiero que nadie pueda modificar ni eliminar los archivos de la carpeta compartida, solamente yo.",6dd682e7-079c-4f0e-ae52-b4e347b2c2b6,MEDIA,WHATSAPP
596,Impresora no imprime,Cerrado,2026-08-05 12:00,a870390e-3585-49e0-b72a-9d4886c5465f,95717a85-3c2a-409f-9f9e-237db83aed01,La impresora personal de la asistente de la gerente de ventas no logra hacer conexión con la maquina.,6dd682e7-079c-4f0e-ae52-b4e347b2c2b6,MEDIA,WHATSAPP
381,Ausencia de archivos en carpeta compartida,Cerrado,2026-06-17 12:43,a870390e-3585-49e0-b72a-9d4886c5465f,95717a85-3c2a-409f-9f9e-237db83aed01,No se ven los archivos agregados al momento de que otra persona los mueva directamente en la carpeta.,6dd682e7-079c-4f0e-ae52-b4e347b2c2b6,MEDIA,WHATSAPP
311,Impresora presenta lentitud al mandar a imprimir,Cerrado,2026-05-04 09:36,a870390e-3585-49e0-b72a-9d4886c5465f,95717a85-3c2a-409f-9f9e-237db83aed01,"El usuario reporta que el equipo de impresión presenta un retraso inusual desde que se envía el documento desde la computadora hasta que la impresora comienza a imprimir de forma física.

revisiar de cola de impresión, drivers o conectividad de red.",6dd682e7-079c-4f0e-ae52-b4e347b2c2b6,MEDIA,WHATSAPP
97,Añadir impresora,Cerrado,2026-03-20 13:41,a870390e-3585-49e0-b72a-9d4886c5465f,95717a85-3c2a-409f-9f9e-237db83aed01,Me podrian añadir la impresora de Financiamiento a la laptop de la practicante por favor,6dd682e7-079c-4f0e-ae52-b4e347b2c2b6,MEDIA,WHATSAPP
65,Bandeja de impresora no reconocida,Cerrado,2026-03-10 12:00,a870390e-3585-49e0-b72a-9d4886c5465f,95717a85-3c2a-409f-9f9e-237db83aed01,"Buenas, la bandeja numero 1 no está siendo reconocida por la impresora y no nos deja imprimir documentos",6dd682e7-079c-4f0e-ae52-b4e347b2c2b6,MEDIA,WHATSAPP
212,Instalación de licencia Adobe Acrobat,Cerrado,2026-04-17 13:00,a870390e-3585-49e0-b72a-9d4886c5465f,b81e6e79-52ad-4d29-9ff8-ca739cbe2e1c,Se compro una licencia Adobe Acrobat Pro,6dd682e7-079c-4f0e-ae52-b4e347b2c2b6,MEDIA,WHATSAPP
157,Problemas con audio,Cerrado,2026-04-14 10:13,a870390e-3585-49e0-b72a-9d4886c5465f,b81e6e79-52ad-4d29-9ff8-ca739cbe2e1c,"Buenos días requiero de su apoyo de inmediato, estoy en una conferencia por videollamada y soy el único que no puede escuchar lo que los demás hablan.",6dd682e7-079c-4f0e-ae52-b4e347b2c2b6,MEDIA,WHATSAPP
668,No llegan los correos del dominio deoittemx,Cerrado,2026-08-24 12:00,a870390e-3585-49e0-b72a-9d4886c5465f,06aa988c-5049-4b52-a6a4-d5d22d305062,No se reciben correos ,6dd682e7-079c-4f0e-ae52-b4e347b2c2b6,MEDIA,WHATSAPP
370,Carpeta compartida,Cerrado,2026-06-15 13:05,a870390e-3585-49e0-b72a-9d4886c5465f,20e62295-6c41-4fc3-b1e0-849f1fcd8238,"Crear carpeta compartida en Nextcloud para Edil Pelaesz, Aby Fernández y Viahitari Pineda.",6dd682e7-079c-4f0e-ae52-b4e347b2c2b6,MEDIA,WHATSAPP
249,Dificultades al sacar copia de INE,Cerrado,2026-05-09 10:22,f37e50d5-fff2-4fa8-b512-a410f8f73010,95717a85-3c2a-409f-9f9e-237db83aed01,Hola buenos días me podrían apoyar orientando para saber como sacar una copia de la INE por los dos lados en una sola hoja por favor.,6dd682e7-079c-4f0e-ae52-b4e347b2c2b6,MEDIA,WHATSAPP
80,Impresora lenta,Cerrado,2026-03-13 12:00,f37e50d5-fff2-4fa8-b512-a410f8f73010,95717a85-3c2a-409f-9f9e-237db83aed01,"la impresora del área de servicios se encuentra lenta, me podrían apoyar por favor",6dd682e7-079c-4f0e-ae52-b4e347b2c2b6,MEDIA,WHATSAPP
195,Lentitud de carpeta,Cerrado,2026-04-24 13:32,f37e50d5-fff2-4fa8-b512-a410f8f73010,cd7fcce8-b88c-4d12-be9e-bb3e391c4b82,"Buenas tardes, tengo fallos con la carpeta de descargas en el Explorador de archivos, quiero trabajar pero no puedo por lo lento que está.",6dd682e7-079c-4f0e-ae52-b4e347b2c2b6,MEDIA,WHATSAPP
56,Correo Spam,Cerrado,2026-03-09 12:00,f37e50d5-fff2-4fa8-b512-a410f8f73010,b81e6e79-52ad-4d29-9ff8-ca739cbe2e1c,"Buenas tardes, si me podrían apoyar a buscar en la bandeja de spam un correo en donde tenga relación a restablecer una contraseña, en mi caso no aparece en mi bandeja de Spam",6dd682e7-079c-4f0e-ae52-b4e347b2c2b6,MEDIA,WHATSAPP
27,No puedo sacar capturas de pantalla,Cerrado,2026-03-04 12:00,f37e50d5-fff2-4fa8-b512-a410f8f73010,b81e6e79-52ad-4d29-9ff8-ca739cbe2e1c,"Solicito a alguien de sistemas, no puedo sacar capturas de pantalla y me urge porque tengo que compartir unas capturas",6dd682e7-079c-4f0e-ae52-b4e347b2c2b6,MEDIA,WHATSAPP
531,Error de envío de mensaje,Cerrado,2026-07-20 17:33,f37e50d5-fff2-4fa8-b512-a410f8f73010,06aa988c-5049-4b52-a6a4-d5d22d305062,Problemas al enviar correos electrónicos en Thunderbird.,6dd682e7-079c-4f0e-ae52-b4e347b2c2b6,MEDIA,WHATSAPP
178,Archivo guardado en Excel,Cerrado,2026-04-17 10:40,f37e50d5-fff2-4fa8-b512-a410f8f73010,68a65a63-f86b-4e69-b1e0-7ac1d7e9b373,"Me apoyan con guardar un doc en Excel, me aparece una alerta de modificación, pero no me deja guardarlo",6dd682e7-079c-4f0e-ae52-b4e347b2c2b6,MEDIA,WHATSAPP
151,Correcion de nombre,Cerrado,2026-04-07 12:00,f37e50d5-fff2-4fa8-b512-a410f8f73010,a494c538-2006-42c8-abb7-99e6892d3042,"Buenas, si me podrian apoyar corrigiendo el nombre de mi cliente, lo añadí mal y quiero corregirlo",6dd682e7-079c-4f0e-ae52-b4e347b2c2b6,MEDIA,WHATSAPP
608,Página de facturas no genera la contrafactura,Cerrado,2026-08-10 12:00,f37e50d5-fff2-4fa8-b512-a410f8f73010,146a2551-2660-44be-b58d-04741475daa3,"Al rellenar los datos y subir las facturas en PDF y XML a la pagina, no genera la contrafactura.",6dd682e7-079c-4f0e-ae52-b4e347b2c2b6,MEDIA,WHATSAPP
223,Verificacion de Dominio en Salesforce,Cerrado,2026-04-24 10:26,f37e50d5-fff2-4fa8-b512-a410f8f73010,146a2551-2660-44be-b58d-04741475daa3,DTM solicita agregar al dominio toyotaguerrero.com.mx un registro TXT para el uso de Salesforce,6dd682e7-079c-4f0e-ae52-b4e347b2c2b6,MEDIA,WHATSAPP
96,Actualizar contraseña Dealer,Cerrado,2026-03-20 13:35,f37e50d5-fff2-4fa8-b512-a410f8f73010,1d314185-1a17-41c7-959b-bcb188a5dba7,Se requiere de una actualización de contraseñas para Edith Pelaes y Lucia en la plataforma de Dealer,6dd682e7-079c-4f0e-ae52-b4e347b2c2b6,MEDIA,WHATSAPP
509,Alta de colonia,Cerrado,2026-07-14 17:45,9c1e335f-c966-42d0-8a16-d37d3eb18ed9,a494c538-2006-42c8-abb7-99e6892d3042,Dar de alta la colonia LA PRIMAVERA en Quiter.,6dd682e7-079c-4f0e-ae52-b4e347b2c2b6,MEDIA,WHATSAPP
600,Agregar impresora,Cerrado,2026-08-07 10:32,2d9ed573-c643-4b66-bb70-7aca543f333d,95717a85-3c2a-409f-9f9e-237db83aed01,Agregar impresora en una de las PC´s de ventas.,6dd682e7-079c-4f0e-ae52-b4e347b2c2b6,MEDIA,WHATSAPP
233,Cambio de tóner a impresora de ventas,Cerrado,2026-04-30 16:46,2d9ed573-c643-4b66-bb70-7aca543f333d,95717a85-3c2a-409f-9f9e-237db83aed01,Requiero de su apoyo cambiando el tóner de la impresora que tenemos en ventas,6dd682e7-079c-4f0e-ae52-b4e347b2c2b6,MEDIA,WHATSAPP
590,Error al iniciar sesión en PC,Cerrado,2026-08-03 12:00,2d9ed573-c643-4b66-bb70-7aca543f333d,cd7fcce8-b88c-4d12-be9e-bb3e391c4b82,"Al querer agregar el usuario a la PC de ventas aparece el mensaje de que el usuario no se encuentra en dominio, lo cual si esta añadido.",6dd682e7-079c-4f0e-ae52-b4e347b2c2b6,MEDIA,WHATSAPP
330,Restablecer contraseña VPN,Cerrado,2026-05-30 13:56,2d9ed573-c643-4b66-bb70-7aca543f333d,498c68ae-c54a-4937-8df3-f1a55ebc7ae1,El usuario requiere de una nueva contraseña para el VPN y poder trabajar de manera remota.,6dd682e7-079c-4f0e-ae52-b4e347b2c2b6,MEDIA,WHATSAPP
635,Error al iniciar sesión en OneDrive,Cerrado,2026-08-14 11:42,2d9ed573-c643-4b66-bb70-7aca543f333d,b81e6e79-52ad-4d29-9ff8-ca739cbe2e1c,Al querer iniciar sesión en OneDrive aparece un error que impide el acceso a la cuenta.,6dd682e7-079c-4f0e-ae52-b4e347b2c2b6,MEDIA,WHATSAPP
243,Nuevo navegador,Cerrado,2026-05-06 14:09,2d9ed573-c643-4b66-bb70-7aca543f333d,b81e6e79-52ad-4d29-9ff8-ca739cbe2e1c,"Buenas tardes, necesito instalar el navegador Chrome porque ahí es donde tengo todas mis contraseñas almacenadas y se me hace más accesible usar Chrome que otro navegador.",6dd682e7-079c-4f0e-ae52-b4e347b2c2b6,MEDIA,WHATSAPP
621,Corrección de datos de cliente en Quiter,Cerrado,2026-08-12 12:00,2d9ed573-c643-4b66-bb70-7aca543f333d,a494c538-2006-42c8-abb7-99e6892d3042,"Corregir la dirección del cliente, ya que se registró con limitaciones por los pocos caracteres que deja registrar.",6dd682e7-079c-4f0e-ae52-b4e347b2c2b6,MEDIA,WHATSAPP
208,Corregir INE de cuenta personal,Cerrado,2026-04-13 12:00,2d9ed573-c643-4b66-bb70-7aca543f333d,a494c538-2006-42c8-abb7-99e6892d3042,Corregir número de identificación 0288055370941 de la cuenta personal 277325,6dd682e7-079c-4f0e-ae52-b4e347b2c2b6,MEDIA,WHATSAPP
544,Adobe no abre ni descarga los documentos,Cerrado,2026-07-23 12:00,72d23e58-a996-4d27-974f-9c849d5f2e20,b81e6e79-52ad-4d29-9ff8-ca739cbe2e1c,El software de Adobe no deja abrir ni descargar los archivos PDF.,6dd682e7-079c-4f0e-ae52-b4e347b2c2b6,MEDIA,WHATSAPP
652,Agregar perfil 3CX,Cerrado,2026-08-24 09:41,72d23e58-a996-4d27-974f-9c849d5f2e20,d668000c-da87-4bd2-9a6f-2b1aceed3e56,Agregar perfil 3CX a vendedor.,6dd682e7-079c-4f0e-ae52-b4e347b2c2b6,MEDIA,WHATSAPP
171,El pago del Pedido no se refleja,Cerrado,2026-03-28 12:00,72d23e58-a996-4d27-974f-9c849d5f2e20,64bf87a9-74df-414c-997e-501faff5b8f9,El pedido 29374531 no se refleja el pago en la tabla de pedidos de la boveda,6dd682e7-079c-4f0e-ae52-b4e347b2c2b6,MEDIA,WHATSAPP
205,Cambiar contraseña de Dealer,Cerrado,2026-04-16 12:00,72d23e58-a996-4d27-974f-9c849d5f2e20,1d314185-1a17-41c7-959b-bcb188a5dba7,Cambiar la contraseña del usuario ROMEROE15 desde Dealer Daily,6dd682e7-079c-4f0e-ae52-b4e347b2c2b6,MEDIA,WHATSAPP
558,Alta de colonia,Cerrado,2026-07-27 17:27,72d23e58-a996-4d27-974f-9c849d5f2e20,a494c538-2006-42c8-abb7-99e6892d3042,Alta de colonia en Quiter.,6dd682e7-079c-4f0e-ae52-b4e347b2c2b6,MEDIA,WHATSAPP
520,Impresora no asignada en Quiter,Cerrado,2026-07-16 18:46,72d23e58-a996-4d27-974f-9c849d5f2e20,a494c538-2006-42c8-abb7-99e6892d3042,Al querer imprimir una orden dentro de Quiter manda error.,6dd682e7-079c-4f0e-ae52-b4e347b2c2b6,MEDIA,WHATSAPP
493,Alta de colonia,Cerrado,2026-07-09 17:51,72d23e58-a996-4d27-974f-9c849d5f2e20,a494c538-2006-42c8-abb7-99e6892d3042,Agregar nueva colonia en Quiter. ,6dd682e7-079c-4f0e-ae52-b4e347b2c2b6,MEDIA,WHATSAPP
172,Restablecer contraseña de Windows,Cerrado,2026-04-08 12:00,72d23e58-a996-4d27-974f-9c849d5f2e20,b81e6e79-52ad-4d29-9ff8-ca739cbe2e1c,Restablecer contraseña del usuario eromero para acceder a Windows,6dd682e7-079c-4f0e-ae52-b4e347b2c2b6,MEDIA,WHATSAPP
398,Hoja atascada en impresora,Cerrado,2026-06-19 12:00,0b068e06-bda9-483d-9f7d-5754d4fa2c87,95717a85-3c2a-409f-9f9e-237db83aed01,La impresora de Caja en Chilpancingo tiene una hoja atorada en los rodillos donde pasa la hoja.,6dd682e7-079c-4f0e-ae52-b4e347b2c2b6,MEDIA,WHATSAPP
256,Agregar impresora,Cerrado,2026-05-14 10:32,0b068e06-bda9-483d-9f7d-5754d4fa2c87,95717a85-3c2a-409f-9f9e-237db83aed01,"Buenos días necesito que me apoyen agregando una nueva impresora a mi PC, ya que no quiero estar parándome a cada rato por unas copias",6dd682e7-079c-4f0e-ae52-b4e347b2c2b6,MEDIA,WHATSAPP
221,Error al imprimir en impresora Cajas Chilpancingo,Cerrado,2026-04-28 09:11,0b068e06-bda9-483d-9f7d-5754d4fa2c87,95717a85-3c2a-409f-9f9e-237db83aed01,Al imprimir un formato desde quiter la impresion no sale completa,6dd682e7-079c-4f0e-ae52-b4e347b2c2b6,MEDIA,WHATSAPP
220,Error al imprimir en la Impresora de Cajas Chilpancingo,Cerrado,2026-04-23 09:31,0b068e06-bda9-483d-9f7d-5754d4fa2c87,95717a85-3c2a-409f-9f9e-237db83aed01,Al mandar una impresión sale un aviso que no hay papel en la impresora,6dd682e7-079c-4f0e-ae52-b4e347b2c2b6,MEDIA,WHATSAPP
543,Teléfono IP sin señal,Cerrado,2026-07-23 12:00,0b068e06-bda9-483d-9f7d-5754d4fa2c87,adcf7bdd-7901-4901-bc10-10a64870cc56,El teléfono del área de Caja se encuentra sin señal.,6dd682e7-079c-4f0e-ae52-b4e347b2c2b6,MEDIA,WHATSAPP
77,No se puede acceder a quiter,Cerrado,2026-03-11 09:22,0b068e06-bda9-483d-9f7d-5754d4fa2c87,498c68ae-c54a-4937-8df3-f1a55ebc7ae1,Reporta que no puede acceder a Quiter con la red de Toyota Chilpancingo solamente deja acceder conectando a la VPN,6dd682e7-079c-4f0e-ae52-b4e347b2c2b6,MEDIA,WHATSAPP
410,Error al poner sucursal 7 en compras a proveedores,Cerrado,2026-06-16 18:07,0b068e06-bda9-483d-9f7d-5754d4fa2c87,a494c538-2006-42c8-abb7-99e6892d3042,"En el modulo Compres a Proveedores, no se puede poner la sucursal 7, arroja un error en blanco",6dd682e7-079c-4f0e-ae52-b4e347b2c2b6,MEDIA,WHATSAPP
317,Error al timbrar anticipo,Cerrado,2026-05-20 18:45,0b068e06-bda9-483d-9f7d-5754d4fa2c87,a494c538-2006-42c8-abb7-99e6892d3042,"Menciona este error

PAC ERROR: Se produjeron errores parseando el documento pipe Error en campo
[Descripcion] perteneciente a [Comprobante->Conceptos->Concepto]: El valor [] debe
tener longitud m?nima de 1. Linea: 5. Columna: 38",6dd682e7-079c-4f0e-ae52-b4e347b2c2b6,MEDIA,WHATSAPP
316,Error al guardar anticipo,Cerrado,2026-05-05 16:29,0b068e06-bda9-483d-9f7d-5754d4fa2c87,a494c538-2006-42c8-abb7-99e6892d3042,"Al guardar anticipo nos muestra un error:

No es posible asignar un concepto fiscal a una entrega no fiscal!
No se puede grabar !",6dd682e7-079c-4f0e-ae52-b4e347b2c2b6,MEDIA,WHATSAPP
222,Error al timbrar entrega,Cerrado,2026-04-28 14:06,0b068e06-bda9-483d-9f7d-5754d4fa2c87,a494c538-2006-42c8-abb7-99e6892d3042,"Al querer timbrar una entrega en quiter, sale un error: La categoria Cuenta personal 357787 no es valida",6dd682e7-079c-4f0e-ae52-b4e347b2c2b6,MEDIA,WHATSAPP
103,Anticipo no se timbra,Cerrado,2026-03-19 13:05,0b068e06-bda9-483d-9f7d-5754d4fa2c87,a494c538-2006-42c8-abb7-99e6892d3042,Revisar el anticipo REF 29368662 marca error al timbrar,6dd682e7-079c-4f0e-ae52-b4e347b2c2b6,MEDIA,WHATSAPP
58,Anticipo de Refacciones no timbra,Cerrado,2026-03-10 09:50,0b068e06-bda9-483d-9f7d-5754d4fa2c87,a494c538-2006-42c8-abb7-99e6892d3042,"Al querer timbrar sale este error
PAC ERROR: Error devuelto por edicom - Código: 40143 - CFDI40143: Este RFC del 
receptor no existe en la lista de RFC inscritos no cancelados del SAT.",6dd682e7-079c-4f0e-ae52-b4e347b2c2b6,MEDIA,WHATSAPP
437,Numero desconocido,Cerrado,2026-06-25 14:11,78cb86bf-297f-462c-9502-91e8d6138138,d668000c-da87-4bd2-9a6f-2b1aceed3e56,El numero 5513055402 realiza múltiples llamadas al área de citas pero no responde.,6dd682e7-079c-4f0e-ae52-b4e347b2c2b6,MEDIA,WHATSAPP
286,Agregar vendedora de almacen,Cerrado,2026-05-16 10:52,78cb86bf-297f-462c-9502-91e8d6138138,a494c538-2006-42c8-abb7-99e6892d3042,Agregar a Andrea como vendedora de almacen,6dd682e7-079c-4f0e-ae52-b4e347b2c2b6,MEDIA,WHATSAPP
225,Comportamiento inusual en el Registro de citas,Cerrado,2026-04-22 11:26,78cb86bf-297f-462c-9502-91e8d6138138,a494c538-2006-42c8-abb7-99e6892d3042,Quiter permite registrar más de 1 cita en el mismo horario con el mismo asesor 408,6dd682e7-079c-4f0e-ae52-b4e347b2c2b6,MEDIA,WHATSAPP
471,Teléfono no se escucha,Cerrado,2026-07-02 12:00,32f654cb-c4a3-4ae6-9e5d-9efcaf1df73d,adcf7bdd-7901-4901-bc10-10a64870cc56,El teléfono de caseta no se escucha al realizar y recibir llamadas.,6dd682e7-079c-4f0e-ae52-b4e347b2c2b6,MEDIA,WHATSAPP
392,Teléfono IP no se escucha,Cerrado,2026-06-19 12:19,32f654cb-c4a3-4ae6-9e5d-9efcaf1df73d,adcf7bdd-7901-4901-bc10-10a64870cc56,El teléfono IP no se escucha al momento de hacer y recibir llamadas.,6dd682e7-079c-4f0e-ae52-b4e347b2c2b6,MEDIA,WHATSAPP
235,Numero de extensión,Cerrado,2026-05-02 12:40,32f654cb-c4a3-4ae6-9e5d-9efcaf1df73d,adcf7bdd-7901-4901-bc10-10a64870cc56,"Buenas tardes, me podría pasar los números de extensión de la agenesia de Chilpancingo por favor.",6dd682e7-079c-4f0e-ae52-b4e347b2c2b6,MEDIA,WHATSAPP
379,No deja imprimir en Quiter,Cerrado,2026-06-17 12:24,ea28eeb2-22b9-41b3-b238-e5e50ef9570e,95717a85-3c2a-409f-9f9e-237db83aed01,"Aparece el anuncio de que se tiene que agregar una impresora, pero al momento de querer agregarla se bloquea la opción.",6dd682e7-079c-4f0e-ae52-b4e347b2c2b6,MEDIA,WHATSAPP
237,Fallos al imprimir,Cerrado,2026-05-04 18:29,ea28eeb2-22b9-41b3-b238-e5e50ef9570e,95717a85-3c2a-409f-9f9e-237db83aed01,"Buenas tardes, quiero que me apoyen con la impresora de ventas, no me deja imprimir por ningún motivo los documentos que mando, checo la configuración antes de imprimirlo y todo se ve bien, pero al momento de imprimir el documento me sale error.",6dd682e7-079c-4f0e-ae52-b4e347b2c2b6,MEDIA,WHATSAPP
637,Actualizar contraseña de PC,Cerrado,2026-08-15 13:31,ea28eeb2-22b9-41b3-b238-e5e50ef9570e,cd7fcce8-b88c-4d12-be9e-bb3e391c4b82,Actualizar la contraseña para acceder a la PC de escritorio.,6dd682e7-079c-4f0e-ae52-b4e347b2c2b6,MEDIA,WHATSAPP
47,Añadir Colonia,Cerrado,2026-03-06 18:58,ea28eeb2-22b9-41b3-b238-e5e50ef9570e,a494c538-2006-42c8-abb7-99e6892d3042,Agregar la colonia ZIHUATANEJO GRO CP 40894,6dd682e7-079c-4f0e-ae52-b4e347b2c2b6,MEDIA,WHATSAPP
390,Dificultades al imprimir,Cerrado,2026-06-18 14:15,8644d3c9-0457-4028-a771-5fe9824d6745,95717a85-3c2a-409f-9f9e-237db83aed01,Se envían documentos a imprimir y no salen.,6dd682e7-079c-4f0e-ae52-b4e347b2c2b6,MEDIA,WHATSAPP
515,TouchPad de laptop se mueve solo,Cerrado,2026-07-15 14:11,8644d3c9-0457-4028-a771-5fe9824d6745,cd7fcce8-b88c-4d12-be9e-bb3e391c4b82,Al activar el TouchPad de la laptop se empieza a mover solo y los números que se visualizan en el pad también se pulsan solos.,6dd682e7-079c-4f0e-ae52-b4e347b2c2b6,MEDIA,WHATSAPP
422,Actualizar contraseña de PC,Cerrado,2026-06-23 13:22,8644d3c9-0457-4028-a771-5fe9824d6745,cd7fcce8-b88c-4d12-be9e-bb3e391c4b82,Solicitan actualizar la contraseña de la PC del vendedor Irving Toscano.,6dd682e7-079c-4f0e-ae52-b4e347b2c2b6,MEDIA,WHATSAPP
387,La constancia no carga en la bóveda,Cerrado,2026-06-18 10:27,8644d3c9-0457-4028-a771-5fe9824d6745,64bf87a9-74df-414c-997e-501faff5b8f9,"Al momento de ingresar los archivos a la bóveda, esta los rechaza.",6dd682e7-079c-4f0e-ae52-b4e347b2c2b6,MEDIA,WHATSAPP
12,Cambio de contraseña,Cerrado,2026-03-02 10:47,8644d3c9-0457-4028-a771-5fe9824d6745,64bf87a9-74df-414c-997e-501faff5b8f9,El usuario pidió restablecimiento de contraseña en la boveda,6dd682e7-079c-4f0e-ae52-b4e347b2c2b6,MEDIA,WHATSAPP
571,Correo fraudulento,Cerrado,2026-07-29 16:27,8644d3c9-0457-4028-a771-5fe9824d6745,06aa988c-5049-4b52-a6a4-d5d22d305062,Al vendedor Irving le llegó un correo sospechoso donde indica que se realizó el cambio de su correo por otro de otro vendedor (Aaron Oliva).,6dd682e7-079c-4f0e-ae52-b4e347b2c2b6,MEDIA,WHATSAPP
164,Actualizar contraseña Dealer,Cerrado,2026-04-14 18:45,8644d3c9-0457-4028-a771-5fe9824d6745,1d314185-1a17-41c7-959b-bcb188a5dba7,Necesito que me actualicen la contraseña de Dealer Daily ya que no me deja entrar al portal porque el usuario y la contraseña son erróneos.,6dd682e7-079c-4f0e-ae52-b4e347b2c2b6,MEDIA,WHATSAPP
527,Documento mal estructurado,Cerrado,2026-07-18 11:34,8644d3c9-0457-4028-a771-5fe9824d6745,68a65a63-f86b-4e69-b1e0-7ac1d7e9b373,Al momento de querer imprimir el documento de Word solamente muestra un pequeño trozo de la imagen que colocó en ese documento.,6dd682e7-079c-4f0e-ae52-b4e347b2c2b6,MEDIA,WHATSAPP
553,Cliente duplicado,Cerrado,2026-07-25 12:00,8644d3c9-0457-4028-a771-5fe9824d6745,a494c538-2006-42c8-abb7-99e6892d3042,Deshabilitar uno de las dos cuentas duplicadas (359625).,6dd682e7-079c-4f0e-ae52-b4e347b2c2b6,MEDIA,WHATSAPP
545,Editar dirección a cliente,Cerrado,2026-07-24 12:00,8644d3c9-0457-4028-a771-5fe9824d6745,a494c538-2006-42c8-abb7-99e6892d3042,Editar dirección del cliente.,6dd682e7-079c-4f0e-ae52-b4e347b2c2b6,MEDIA,WHATSAPP
459,Corrección en dirección del cliente,Cerrado,2026-06-29 12:00,8644d3c9-0457-4028-a771-5fe9824d6745,a494c538-2006-42c8-abb7-99e6892d3042,Corregir el nombre de la colonia.,6dd682e7-079c-4f0e-ae52-b4e347b2c2b6,MEDIA,WHATSAPP
375,Nuevo registro de colonia,Cerrado,2026-06-15 09:18,8644d3c9-0457-4028-a771-5fe9824d6745,a494c538-2006-42c8-abb7-99e6892d3042,Agregar nueva colonia.,6dd682e7-079c-4f0e-ae52-b4e347b2c2b6,MEDIA,WHATSAPP
369,Editar datos de dirección,Cerrado,2026-06-15 13:02,8644d3c9-0457-4028-a771-5fe9824d6745,a494c538-2006-42c8-abb7-99e6892d3042,Los datos de dirección del cliente están incompletos. No. cliente: 358986,6dd682e7-079c-4f0e-ae52-b4e347b2c2b6,MEDIA,WHATSAPP
368,Editar datos de dirección,Cerrado,2026-06-13 12:00,8644d3c9-0457-4028-a771-5fe9824d6745,a494c538-2006-42c8-abb7-99e6892d3042,"Editar datos de la dirección de un cliente, No. Cliente: 303853",6dd682e7-079c-4f0e-ae52-b4e347b2c2b6,MEDIA,WHATSAPP
335,Duplicado de cliente en Quiter.,Cerrado,2026-06-01 13:29,8644d3c9-0457-4028-a771-5fe9824d6745,a494c538-2006-42c8-abb7-99e6892d3042,"Solicitan deshabilitar al cliente con numero (358725) ya que se encuentra un cliente ya creado con la misma información (Nombre completo, No. Teléfono dirección. etc).",6dd682e7-079c-4f0e-ae52-b4e347b2c2b6,MEDIA,WHATSAPP
276,Corrección de dirección de cliente,Cerrado,2026-05-23 12:48,8644d3c9-0457-4028-a771-5fe9824d6745,a494c538-2006-42c8-abb7-99e6892d3042,Me podrían apoyar corrigiendo la dirección de un cliente por favor.,6dd682e7-079c-4f0e-ae52-b4e347b2c2b6,MEDIA,WHATSAPP
273,Corrección de dirección de cliente,Cerrado,2026-05-22 18:41,8644d3c9-0457-4028-a771-5fe9824d6745,a494c538-2006-42c8-abb7-99e6892d3042,"Me podrían apoyar, no puedo poner completo el numero exterior de la calle del cliente.",6dd682e7-079c-4f0e-ae52-b4e347b2c2b6,MEDIA,WHATSAPP
268,Aumento de campos en Quiter,Cerrado,2026-05-20 12:00,8644d3c9-0457-4028-a771-5fe9824d6745,a494c538-2006-42c8-abb7-99e6892d3042,"Buenas, me podrían apoyar corrigiendo la dirección en un pedido por favor, no puedo escribir más cosas por el limite de los campos.",6dd682e7-079c-4f0e-ae52-b4e347b2c2b6,MEDIA,WHATSAPP
258,Expansión de campos de Quiter,Cerrado,2026-05-14 17:26,8644d3c9-0457-4028-a771-5fe9824d6745,a494c538-2006-42c8-abb7-99e6892d3042,"Buenas tardes, quisiera que me apoyasen extendiendo los campos de una dirección en Quiter ",6dd682e7-079c-4f0e-ae52-b4e347b2c2b6,MEDIA,WHATSAPP
123,Aumento de campos en Quiter,Cerrado,2026-04-01 12:00,8644d3c9-0457-4028-a771-5fe9824d6745,a494c538-2006-42c8-abb7-99e6892d3042,"Necesitamos poner esta dirección completa (MANZANA 9 LOTE 88), quiero que me agreguen el ""88"" ya que no me deja agregarlo de modo manual",6dd682e7-079c-4f0e-ae52-b4e347b2c2b6,MEDIA,WHATSAPP
540,Laptop no se conecta a la red,Cerrado,2026-07-22 11:45,8644d3c9-0457-4028-a771-5fe9824d6745,ec4ff3dc-3bef-4615-a7be-8b5e0cd99d0e,Laptop no puede conectarse a la red de la agencia.,6dd682e7-079c-4f0e-ae52-b4e347b2c2b6,MEDIA,WHATSAPP
408,Paqueteria de office no activada,Cerrado,2026-06-03 13:37,b2c3b251-1dba-42f6-ae39-c4724497c102,68a65a63-f86b-4e69-b1e0-7ac1d7e9b373,Activar el Microsoft office de la computadora de Ometepec,6dd682e7-079c-4f0e-ae52-b4e347b2c2b6,MEDIA,WHATSAPP
514,Alta de colonia,Cerrado,2026-07-15 11:54,b2c3b251-1dba-42f6-ae39-c4724497c102,a494c538-2006-42c8-abb7-99e6892d3042,Dar de alta la colonia MAZAPA en Quiter.,6dd682e7-079c-4f0e-ae52-b4e347b2c2b6,MEDIA,WHATSAPP
407,Problemas al escanear,Cerrado,2026-05-28 18:33,b2c3b251-1dba-42f6-ae39-c4724497c102,a494c538-2006-42c8-abb7-99e6892d3042,No se puede escanear en la impresora de Ometepec,6dd682e7-079c-4f0e-ae52-b4e347b2c2b6,MEDIA,WHATSAPP
491,PC lenta,Cerrado,2026-07-09 17:27,73db0097-a2a8-4d5e-b355-5f7e0b9cacba,cd7fcce8-b88c-4d12-be9e-bb3e391c4b82,La PC que se encuentra en refacciones se encuentra lenta al realizar alguna actividad.,6dd682e7-079c-4f0e-ae52-b4e347b2c2b6,MEDIA,WHATSAPP
488,Cierre de sesión en TIS,Cerrado,2026-07-08 12:00,73db0097-a2a8-4d5e-b355-5f7e0b9cacba,b81e6e79-52ad-4d29-9ff8-ca739cbe2e1c,La plataforma de TIS cierra sesión automáticamente.,6dd682e7-079c-4f0e-ae52-b4e347b2c2b6,MEDIA,WHATSAPP
334,Actualización de contraseña Quiter,Cerrado,2026-06-01 13:23,73db0097-a2a8-4d5e-b355-5f7e0b9cacba,a494c538-2006-42c8-abb7-99e6892d3042,Requiere de actualizar la contraseña para no tener dificultades de acceder en momentos de mucha actividad.,6dd682e7-079c-4f0e-ae52-b4e347b2c2b6,MEDIA,WHATSAPP
332,Asignación de perfil Quiter,Cerrado,2026-06-01 09:24,73db0097-a2a8-4d5e-b355-5f7e0b9cacba,a494c538-2006-42c8-abb7-99e6892d3042,Luis Vargas solicitó el perfil de Quiter del usuario Miguel Ángel campos Vargas quien se encontraba en el área de refacciones en ventanilla.,6dd682e7-079c-4f0e-ae52-b4e347b2c2b6,MEDIA,WHATSAPP
498,Agregar correos a impresora de Ventas Chilpancingo,Cerrado,2026-07-10 18:48,d7ad77b2-871f-49fa-8dc8-28df5b37e3a9,95717a85-3c2a-409f-9f9e-237db83aed01,Agregar a todos los usuarios que se encuentran en la agencia Toyota Chilpancingo.,6dd682e7-079c-4f0e-ae52-b4e347b2c2b6,MEDIA,WHATSAPP
481,Fallo al subir documentos,Cerrado,2026-07-08 11:20,d7ad77b2-871f-49fa-8dc8-28df5b37e3a9,64bf87a9-74df-414c-997e-501faff5b8f9,Los documentos no se suben a la bóveda porque aparece un anuncio de que el nombre o CP son erróneos.,6dd682e7-079c-4f0e-ae52-b4e347b2c2b6,MEDIA,WHATSAPP
461,Error al subir el pedido,Cerrado,2026-07-01 12:46,d7ad77b2-871f-49fa-8dc8-28df5b37e3a9,64bf87a9-74df-414c-997e-501faff5b8f9,"Se sube documentación del pedido de un cliente, pero la pagina de bóveda no lo da de alta.",6dd682e7-079c-4f0e-ae52-b4e347b2c2b6,MEDIA,WHATSAPP
147,Transferencia de documentos a perfil de boveda,Cerrado,2026-04-08 12:00,d7ad77b2-871f-49fa-8dc8-28df5b37e3a9,64bf87a9-74df-414c-997e-501faff5b8f9,"Requiero de informacion de un cliente, ya que se le tiene que dar seguimiento",6dd682e7-079c-4f0e-ae52-b4e347b2c2b6,MEDIA,WHATSAPP
620,Documentación subida en plataforma erronea,Cerrado,2026-08-12 12:00,d7ad77b2-871f-49fa-8dc8-28df5b37e3a9,64bf87a9-74df-414c-997e-501faff5b8f9,"Un vendedor de Chilpancingo subió documentación en la plataforma errónea (Control Guerrero) y en donde debería de haber subido la documentación es en Control Chilpancingo, se requiere mover la información en la otra plataforma.",6dd682e7-079c-4f0e-ae52-b4e347b2c2b6,MEDIA,WHATSAPP
617,Agregar colonia en Quiter,Cerrado,2026-08-11 12:00,d7ad77b2-871f-49fa-8dc8-28df5b37e3a9,a494c538-2006-42c8-abb7-99e6892d3042,Solicitan agregar nueva colonia en Quiter.,6dd682e7-079c-4f0e-ae52-b4e347b2c2b6,MEDIA,WHATSAPP
607,Alta de colonia en Quiter,Cerrado,2026-08-10 12:00,d7ad77b2-871f-49fa-8dc8-28df5b37e3a9,a494c538-2006-42c8-abb7-99e6892d3042,Solicitan registro de una nueva colonia en Quiter.,6dd682e7-079c-4f0e-ae52-b4e347b2c2b6,MEDIA,WHATSAPP
367,Agregar colonia,Cerrado,2026-06-11 16:29,d7ad77b2-871f-49fa-8dc8-28df5b37e3a9,a494c538-2006-42c8-abb7-99e6892d3042,"Agregar colonia nueva ""LA TRINCHERA""en Quiter.",6dd682e7-079c-4f0e-ae52-b4e347b2c2b6,MEDIA,WHATSAPP
183,Alta de colonia,Cerrado,2026-04-20 16:39,d7ad77b2-871f-49fa-8dc8-28df5b37e3a9,a494c538-2006-42c8-abb7-99e6892d3042,Me podrían apoyar dando de alta una colonia por favor,6dd682e7-079c-4f0e-ae52-b4e347b2c2b6,MEDIA,WHATSAPP
114,Alta de colonia,Cerrado,2026-03-25 12:00,d7ad77b2-871f-49fa-8dc8-28df5b37e3a9,a494c538-2006-42c8-abb7-99e6892d3042,"Necesito dar de alta una colonia, pero el CP dice que no aparece en la plataforma de Quiter, necesito que me apoyen con eso por favor",6dd682e7-079c-4f0e-ae52-b4e347b2c2b6,MEDIA,WHATSAPP
230,Nueva colonia,Cerrado,2026-04-29 12:00,d7ad77b2-871f-49fa-8dc8-28df5b37e3a9,a494c538-2006-42c8-abb7-99e6892d3042,"Buenas tardes, quisiera que me apoyasen agregando una nueva colonia dentro de Quiter, por favor.",6dd682e7-079c-4f0e-ae52-b4e347b2c2b6,MEDIA,WHATSAPP
345,Teléfono desvía las llamadas,Cerrado,2026-06-04 10:47,fd1a93b7-bd5c-42dd-8d68-b3ccdb7a2e1f,adcf7bdd-7901-4901-bc10-10a64870cc56,Al momento de llamar a la extensión 0130 desvía en automático las llamadas,6dd682e7-079c-4f0e-ae52-b4e347b2c2b6,MEDIA,WHATSAPP
416,Enlace de Zoom,Cerrado,2026-06-22 12:30,fd1a93b7-bd5c-42dd-8d68-b3ccdb7a2e1f,b81e6e79-52ad-4d29-9ff8-ca739cbe2e1c,Generar enlace de Zoom.,6dd682e7-079c-4f0e-ae52-b4e347b2c2b6,MEDIA,WHATSAPP
271,Generar reunión en Zoom,Cerrado,2026-05-21 17:49,fd1a93b7-bd5c-42dd-8d68-b3ccdb7a2e1f,b81e6e79-52ad-4d29-9ff8-ca739cbe2e1c,"Buenas tardes, quisiera que me generaran una liga de Zoom para una reunión que tendré a las 5:50 PM",6dd682e7-079c-4f0e-ae52-b4e347b2c2b6,MEDIA,WHATSAPP
372,No se visualizan las fichas de pago.,Cerrado,2026-06-15 13:25,fd1a93b7-bd5c-42dd-8d68-b3ccdb7a2e1f,64bf87a9-74df-414c-997e-501faff5b8f9,La fichas del recibo FNUA-13871 y FNUA-13867 no se muestran en la bóveda.,6dd682e7-079c-4f0e-ae52-b4e347b2c2b6,MEDIA,WHATSAPP
588,Fichas no reflejadas en la pagina de Control,Cerrado,2026-08-03 12:00,fd1a93b7-bd5c-42dd-8d68-b3ccdb7a2e1f,64bf87a9-74df-414c-997e-501faff5b8f9,Las fichas no son visibles en la pagina de Control.,6dd682e7-079c-4f0e-ae52-b4e347b2c2b6,MEDIA,WHATSAPP
409,Agregar permisos en Quiter,Cerrado,2026-06-12 09:18,fd1a93b7-bd5c-42dd-8d68-b3ccdb7a2e1f,a494c538-2006-42c8-abb7-99e6892d3042,Agregar los permisos que tiene Olga Cajas a Danna Rosas Cajas de Chilpancingo,6dd682e7-079c-4f0e-ae52-b4e347b2c2b6,MEDIA,WHATSAPP
46,Levantar ticket con Quiter,Cerrado,2026-03-06 18:55,fd1a93b7-bd5c-42dd-8d68-b3ccdb7a2e1f,a494c538-2006-42c8-abb7-99e6892d3042,"Revisar tema de los recibos, se cancelan y en el SAT siguen vigentes",6dd682e7-079c-4f0e-ae52-b4e347b2c2b6,MEDIA,WHATSAPP
525,Fallo al imprimir,Cerrado,2026-07-18 09:35,59452e0f-8bad-4b75-b033-7ef6587d44fd,95717a85-3c2a-409f-9f9e-237db83aed01,Al querer imprimir las ordenes de pago de los clientes la impresora no responde.,6dd682e7-079c-4f0e-ae52-b4e347b2c2b6,MEDIA,WHATSAPP
79,Cambio de tóner para impresora HP Asistente de servicios 2,Cerrado,2026-03-13 09:40,59452e0f-8bad-4b75-b033-7ef6587d44fd,95717a85-3c2a-409f-9f9e-237db83aed01,Requiero de un cambio de tóner para mi impresora HP,6dd682e7-079c-4f0e-ae52-b4e347b2c2b6,MEDIA,WHATSAPP
73,Mi impresora no quiere sacar copias,Cerrado,2026-02-09 12:00,59452e0f-8bad-4b75-b033-7ef6587d44fd,95717a85-3c2a-409f-9f9e-237db83aed01,"Buenas, soy Octavio de servicios, mi impresora Epson no quiere sacar copias y necesito imprimir mis reportes para darles información a mis clientes",6dd682e7-079c-4f0e-ae52-b4e347b2c2b6,MEDIA,WHATSAPP
449,Modificar tipo de Orden de servicio,Cerrado,2026-06-16 11:46,59452e0f-8bad-4b75-b033-7ef6587d44fd,a494c538-2006-42c8-abb7-99e6892d3042,La orden 29566990 cambiarla a Tipo 6,6dd682e7-079c-4f0e-ae52-b4e347b2c2b6,MEDIA,WHATSAPP
406,Cambiar tipo de orden,Cerrado,2026-06-16 11:46,59452e0f-8bad-4b75-b033-7ef6587d44fd,a494c538-2006-42c8-abb7-99e6892d3042,Cambiar el tipo de orden de 3K a orden 6,6dd682e7-079c-4f0e-ae52-b4e347b2c2b6,MEDIA,WHATSAPP
405,Error al timbra una orden de servicio,Cerrado,2026-06-10 18:19,59452e0f-8bad-4b75-b033-7ef6587d44fd,a494c538-2006-42c8-abb7-99e6892d3042,"El error que marca es por que el domicilio fiscal es incorrecto al registrado

ref: 29562360

Cuenta: 262614",6dd682e7-079c-4f0e-ae52-b4e347b2c2b6,MEDIA,WHATSAPP
92,Quiter no muestra información,Cerrado,2026-03-18 12:16,59452e0f-8bad-4b75-b033-7ef6587d44fd,a494c538-2006-42c8-abb7-99e6892d3042,"Coloco información de un numero de serie que necesito capturar, pero no me lo muestra, la información ya está dada de alta en Quiter, estoy agregando letra por letra, numero por numero y ni así me muestra nada",6dd682e7-079c-4f0e-ae52-b4e347b2c2b6,MEDIA,WHATSAPP
26,Factura faltante RCGIA-32453,Cerrado,2026-03-02 12:00,6dd682e7-079c-4f0e-ae52-b4e347b2c2b6,64bf87a9-74df-414c-997e-501faff5b8f9,Se requiere la factura con serial y folio RCGIA-32453 ya que no se encuentra al momento de buscar en la pagina de la bóveda  ,6dd682e7-079c-4f0e-ae52-b4e347b2c2b6,MEDIA,WHATSAPP
177,Alta de accesos de entrada,Cerrado,2026-04-16 11:17,6dd682e7-079c-4f0e-ae52-b4e347b2c2b6,b81e6e79-52ad-4d29-9ff8-ca739cbe2e1c,Se requiere dar acceso a la entrada administrativa a la señorita Karla Berenice con su huella y el reconocimiento facial para la asistencia ,6dd682e7-079c-4f0e-ae52-b4e347b2c2b6,MEDIA,WHATSAPP
53,Dificultades al escanear,Cerrado,2026-03-09 12:00,6dd682e7-079c-4f0e-ae52-b4e347b2c2b6,95717a85-3c2a-409f-9f9e-237db83aed01,"Tenemos dificultades al escanear documentos, la impresora se tarda en enviar documentos a los correos",6dd682e7-079c-4f0e-ae52-b4e347b2c2b6,MEDIA,WHATSAPP
50,Acceso a carpeta compartida,Cerrado,2026-03-09 12:00,6dd682e7-079c-4f0e-ae52-b4e347b2c2b6,b81e6e79-52ad-4d29-9ff8-ca739cbe2e1c,"a carpeta en la que trabajo me pide contraseña, la carpeta cuenta con la IP 192.168.35.4 ",6dd682e7-079c-4f0e-ae52-b4e347b2c2b6,MEDIA,WHATSAPP
295,Agregar usuario a Boveda,Cerrado,2026-05-19 09:49,6dd682e7-079c-4f0e-ae52-b4e347b2c2b6,64bf87a9-74df-414c-997e-501faff5b8f9,Registrar djimon@toyotaguerrero.com.mx a la pagina sat.grupocamsa.mx,6dd682e7-079c-4f0e-ae52-b4e347b2c2b6,MEDIA,WHATSAPP
17,Instalación de Paquetería Office,Cerrado,2026-03-03 13:15,6dd682e7-079c-4f0e-ae52-b4e347b2c2b6,68a65a63-f86b-4e69-b1e0-7ac1d7e9b373,El pc asignado no tiene paquetería de office instalada,6dd682e7-079c-4f0e-ae52-b4e347b2c2b6,MEDIA,WHATSAPP
672,error al timbrar orden de servicio,Cerrado,2026-08-01 12:00,6dd682e7-079c-4f0e-ae52-b4e347b2c2b6,a494c538-2006-42c8-abb7-99e6892d3042,Al querer timbrar la orden 29668811 da un error por que el importe de una refaccion es menor al minimo,6dd682e7-079c-4f0e-ae52-b4e347b2c2b6,MEDIA,WHATSAPP
403,Tecnico no aparece en Quiter,Cerrado,2026-06-01 14:00,6dd682e7-079c-4f0e-ae52-b4e347b2c2b6,a494c538-2006-42c8-abb7-99e6892d3042,agregar a JESUS EMILIAN JULIAN GARCIA como técnico en la empresa 7,6dd682e7-079c-4f0e-ae52-b4e347b2c2b6,MEDIA,WHATSAPP
322,Actualizar permisos de Quiter para anava,Cerrado,2026-05-28 09:47,6dd682e7-079c-4f0e-ae52-b4e347b2c2b6,a494c538-2006-42c8-abb7-99e6892d3042,Permitir cambiar placas en ordenes de citas,6dd682e7-079c-4f0e-ae52-b4e347b2c2b6,MEDIA,WHATSAPP
321,Corregir RFC de cuenta personal,Cerrado,2026-05-25 10:52,6dd682e7-079c-4f0e-ae52-b4e347b2c2b6,a494c538-2006-42c8-abb7-99e6892d3042,Corregir RFC de la cuenta 358655,6dd682e7-079c-4f0e-ae52-b4e347b2c2b6,MEDIA,WHATSAPP
320,Agregar vendedor de almacen,Cerrado,2026-05-16 10:52,6dd682e7-079c-4f0e-ae52-b4e347b2c2b6,a494c538-2006-42c8-abb7-99e6892d3042,Agregar el usuario anava como vendedor de almacen,6dd682e7-079c-4f0e-ae52-b4e347b2c2b6,MEDIA,WHATSAPP
319,Actualizar permisos en quiter para anava,Cerrado,2026-05-12 09:56,6dd682e7-079c-4f0e-ae52-b4e347b2c2b6,a494c538-2006-42c8-abb7-99e6892d3042,Se requiere acceder al modulo de ordenes de servicio ,6dd682e7-079c-4f0e-ae52-b4e347b2c2b6,MEDIA,WHATSAPP
294,Cambiar tipo de orden,Cerrado,2026-05-18 17:30,6dd682e7-079c-4f0e-ae52-b4e347b2c2b6,a494c538-2006-42c8-abb7-99e6892d3042,Cambiar el tipo de orden 3K a 3H en la orden de servicio con referencia,6dd682e7-079c-4f0e-ae52-b4e347b2c2b6,MEDIA,WHATSAPP
204,Error de conexión en Quiter,Cerrado,2026-04-14 12:00,6dd682e7-079c-4f0e-ae52-b4e347b2c2b6,a494c538-2006-42c8-abb7-99e6892d3042,La VPN se desconecta muy seguido ,6dd682e7-079c-4f0e-ae52-b4e347b2c2b6,MEDIA,WHATSAPP
184,Alta de colonia,Cerrado,2026-04-20 19:10,6dd682e7-079c-4f0e-ae52-b4e347b2c2b6,a494c538-2006-42c8-abb7-99e6892d3042,"Buenas tardes, me podrían apoyar subiendo una nueva colonia por favor ",6dd682e7-079c-4f0e-ae52-b4e347b2c2b6,MEDIA,WHATSAPP
95,Agregar Colonia VILLAS MAGISTERIALES,Cerrado,2026-03-19 13:57,6dd682e7-079c-4f0e-ae52-b4e347b2c2b6,a494c538-2006-42c8-abb7-99e6892d3042,"Soy Jesús Germán, Me podrías apoyar agregando una colonia por favor",6dd682e7-079c-4f0e-ae52-b4e347b2c2b6,MEDIA,WHATSAPP
19,Detalles con regulador,Cerrado,2026-03-03 12:00,6dd682e7-079c-4f0e-ae52-b4e347b2c2b6,e8a85678-13b0-4977-b0cb-5255f43ab9c7,"El regulador de energía parpadeaba de color verde y rojo, acompañado de un pitido insoportable ",6dd682e7-079c-4f0e-ae52-b4e347b2c2b6,MEDIA,WHATSAPP
,,,,,,,6dd682e7-079c-4f0e-ae52-b4e347b2c2b6,MEDIA,WHATSAPP
1,Pagina TIS,Cerrado,2026-03-03 12:00,b8c10ad7-8871-4fa1-a1fa-8d213d5d6382,1d314185-1a17-41c7-959b-bcb188a5dba7,El encargado del área de servicios 1 necesita acceder a la pagina TIS,,,
